Entity,Code,Year,Annual area burnt by wildfires
Afghanistan,AFG,2012,10430
Afghanistan,AFG,2013,5892
Afghanistan,AFG,2014,5134
Afghanistan,AFG,2015,4084
Afghanistan,AFG,2016,9681
Afghanistan,AFG,2017,15400
Afghanistan,AFG,2018,10025
Afghanistan,AFG,2019,7699
Afghanistan,AFG,2020,29652
Afghanistan,AFG,2021,16941
Afghanistan,AFG,2022,1929
Afghanistan,AFG,2023,2204
Afghanistan,AFG,2024,1051
Africa,,2012,232641230
Africa,,2013,256846240
Africa,,2014,240621140
Africa,,2015,263458540
Africa,,2016,267901150
Africa,,2017,246876270
Africa,,2018,199871600
Africa,,2019,231263300
Africa,,2020,243435410
Africa,,2021,235876580
Africa,,2022,225088770
Africa,,2023,218158980
Africa,,2024,50960204
Akrotiri and Dhekelia,OWID_AKD,2012,6
Akrotiri and Dhekelia,OWID_AKD,2013,0
Akrotiri and Dhekelia,OWID_AKD,2014,0
Akrotiri and Dhekelia,OWID_AKD,2015,0
Akrotiri and Dhekelia,OWID_AKD,2016,328
Akrotiri and Dhekelia,OWID_AKD,2017,0
Akrotiri and Dhekelia,OWID_AKD,2018,105
Akrotiri and Dhekelia,OWID_AKD,2019,209
Akrotiri and Dhekelia,OWID_AKD,2020,0
Akrotiri and Dhekelia,OWID_AKD,2021,0
Akrotiri and Dhekelia,OWID_AKD,2022,53
Akrotiri and Dhekelia,OWID_AKD,2023,0
Akrotiri and Dhekelia,OWID_AKD,2024,0
Aland Islands,ALA,2012,0
Aland Islands,ALA,2013,0
Aland Islands,ALA,2014,0
Aland Islands,ALA,2015,0
Aland Islands,ALA,2016,0
Aland Islands,ALA,2017,0
Aland Islands,ALA,2018,0
Aland Islands,ALA,2019,0
Aland Islands,ALA,2020,0
Aland Islands,ALA,2021,0
Aland Islands,ALA,2022,0
Aland Islands,ALA,2023,0
Aland Islands,ALA,2024,0
Albania,ALB,2012,176838
Albania,ALB,2013,10695
Albania,ALB,2014,4358
Albania,ALB,2015,24067
Albania,ALB,2016,14386
Albania,ALB,2017,102020
Albania,ALB,2018,10290
Albania,ALB,2019,32988
Albania,ALB,2020,34094
Albania,ALB,2021,50727
Albania,ALB,2022,37593
Albania,ALB,2023,12158
Albania,ALB,2024,1878
Algeria,DZA,2012,631108
Algeria,DZA,2013,118219
Algeria,DZA,2014,297548
Algeria,DZA,2015,123854
Algeria,DZA,2016,170639
Algeria,DZA,2017,286797
Algeria,DZA,2018,34288
Algeria,DZA,2019,160622
Algeria,DZA,2020,274661
Algeria,DZA,2021,181290
Algeria,DZA,2022,95014
Algeria,DZA,2023,90853
Algeria,DZA,2024,4053
American Samoa,ASM,2012,0
American Samoa,ASM,2013,0
American Samoa,ASM,2014,0
American Samoa,ASM,2015,0
American Samoa,ASM,2016,0
American Samoa,ASM,2017,0
American Samoa,ASM,2018,0
American Samoa,ASM,2019,0
American Samoa,ASM,2020,0
American Samoa,ASM,2021,0
American Samoa,ASM,2022,0
American Samoa,ASM,2023,0
American Samoa,ASM,2024,0
Andorra,AND,2012,0
Andorra,AND,2013,0
Andorra,AND,2014,0
Andorra,AND,2015,0
Andorra,AND,2016,0
Andorra,AND,2017,0
Andorra,AND,2018,0
Andorra,AND,2019,0
Andorra,AND,2020,0
Andorra,AND,2021,0
Andorra,AND,2022,0
Andorra,AND,2023,0
Andorra,AND,2024,0
Angola,AGO,2012,34934572
Angola,AGO,2013,37976476
Angola,AGO,2014,33951340
Angola,AGO,2015,39113170
Angola,AGO,2016,38758576
Angola,AGO,2017,37707620
Angola,AGO,2018,32351532
Angola,AGO,2019,40544644
Angola,AGO,2020,33027396
Angola,AGO,2021,30915328
Angola,AGO,2022,33656972
Angola,AGO,2023,37947700
Angola,AGO,2024,88185
Anguilla,AIA,2012,0
Anguilla,AIA,2013,0
Anguilla,AIA,2014,0
Anguilla,AIA,2015,0
Anguilla,AIA,2016,0
Anguilla,AIA,2017,0
Anguilla,AIA,2018,0
Anguilla,AIA,2019,0
Anguilla,AIA,2020,0
Anguilla,AIA,2021,0
Anguilla,AIA,2022,0
Anguilla,AIA,2023,0
Anguilla,AIA,2024,0
Antigua and Barbuda,ATG,2012,0
Antigua and Barbuda,ATG,2013,237
Antigua and Barbuda,ATG,2014,192
Antigua and Barbuda,ATG,2015,0
Antigua and Barbuda,ATG,2016,150
Antigua and Barbuda,ATG,2017,0
Antigua and Barbuda,ATG,2018,373
Antigua and Barbuda,ATG,2019,0
Antigua and Barbuda,ATG,2020,0
Antigua and Barbuda,ATG,2021,190
Antigua and Barbuda,ATG,2022,0
Antigua and Barbuda,ATG,2023,116
Antigua and Barbuda,ATG,2024,0
Argentina,ARG,2012,3967815
Argentina,ARG,2013,4633992
Argentina,ARG,2014,2463466
Argentina,ARG,2015,3051468
Argentina,ARG,2016,4000894
Argentina,ARG,2017,4217651
Argentina,ARG,2018,3480067
Argentina,ARG,2019,3218241
Argentina,ARG,2020,9715507
Argentina,ARG,2021,3883291
Argentina,ARG,2022,6216671
Argentina,ARG,2023,2815672
Argentina,ARG,2024,424172
Armenia,ARM,2012,20613
Armenia,ARM,2013,24619
Armenia,ARM,2014,9261
Armenia,ARM,2015,12661
Armenia,ARM,2016,18346
Armenia,ARM,2017,27638
Armenia,ARM,2018,26371
Armenia,ARM,2019,27554
Armenia,ARM,2020,3900
Armenia,ARM,2021,5292
Armenia,ARM,2022,22888
Armenia,ARM,2023,5625
Armenia,ARM,2024,173
Aruba,ABW,2012,0
Aruba,ABW,2013,0
Aruba,ABW,2014,0
Aruba,ABW,2015,0
Aruba,ABW,2016,0
Aruba,ABW,2017,0
Aruba,ABW,2018,0
Aruba,ABW,2019,0
Aruba,ABW,2020,0
Aruba,ABW,2021,0
Aruba,ABW,2022,0
Aruba,ABW,2023,0
Aruba,ABW,2024,0
Asia,,2012,40942984
Asia,,2013,36901384
Asia,,2014,47901564
Asia,,2015,51810916
Asia,,2016,39271100
Asia,,2017,34420110
Asia,,2018,25441148
Asia,,2019,43636796
Asia,,2020,36863784
Asia,,2021,36716800
Asia,,2022,25112308
Asia,,2023,35006096
Asia,,2024,14678767
Australia,AUS,2012,65298350
Australia,AUS,2013,26240098
Australia,AUS,2014,35916156
Australia,AUS,2015,33967664
Australia,AUS,2016,22835256
Australia,AUS,2017,37974830
Australia,AUS,2018,36700170
Australia,AUS,2019,36397800
Australia,AUS,2020,18683630
Australia,AUS,2021,24958528
Australia,AUS,2022,26340776
Australia,AUS,2023,54354840
Australia,AUS,2024,2045107
Austria,AUT,2012,488
Austria,AUT,2013,458
Austria,AUT,2014,966
Austria,AUT,2015,557
Austria,AUT,2016,0
Austria,AUT,2017,875
Austria,AUT,2018,430
Austria,AUT,2019,1477
Austria,AUT,2020,0
Austria,AUT,2021,696
Austria,AUT,2022,1442
Austria,AUT,2023,370
Austria,AUT,2024,500
Azerbaijan,AZE,2012,78261
Azerbaijan,AZE,2013,79542
Azerbaijan,AZE,2014,50756
Azerbaijan,AZE,2015,227596
Azerbaijan,AZE,2016,106751
Azerbaijan,AZE,2017,110756
Azerbaijan,AZE,2018,87672
Azerbaijan,AZE,2019,184967
Azerbaijan,AZE,2020,60917
Azerbaijan,AZE,2021,80973
Azerbaijan,AZE,2022,58872
Azerbaijan,AZE,2023,14429
Azerbaijan,AZE,2024,2084
Bahamas,BHS,2012,21329
Bahamas,BHS,2013,58996
Bahamas,BHS,2014,17367
Bahamas,BHS,2015,24369
Bahamas,BHS,2016,36787
Bahamas,BHS,2017,72057
Bahamas,BHS,2018,11815
Bahamas,BHS,2019,26506
Bahamas,BHS,2020,36112
Bahamas,BHS,2021,25450
Bahamas,BHS,2022,11669
Bahamas,BHS,2023,17539
Bahamas,BHS,2024,6478
Bahrain,BHR,2012,0
Bahrain,BHR,2013,0
Bahrain,BHR,2014,0
Bahrain,BHR,2015,0
Bahrain,BHR,2016,0
Bahrain,BHR,2017,0
Bahrain,BHR,2018,0
Bahrain,BHR,2019,0
Bahrain,BHR,2020,0
Bahrain,BHR,2021,0
Bahrain,BHR,2022,0
Bahrain,BHR,2023,0
Bahrain,BHR,2024,0
Bangladesh,BGD,2012,324609
Bangladesh,BGD,2013,330450
Bangladesh,BGD,2014,358909
Bangladesh,BGD,2015,159333
Bangladesh,BGD,2016,187927
Bangladesh,BGD,2017,152931
Bangladesh,BGD,2018,228510
Bangladesh,BGD,2019,281726
Bangladesh,BGD,2020,290433
Bangladesh,BGD,2021,291893
Bangladesh,BGD,2022,160514
Bangladesh,BGD,2023,289730
Bangladesh,BGD,2024,63871
Barbados,BRB,2012,0
Barbados,BRB,2013,0
Barbados,BRB,2014,263
Barbados,BRB,2015,0
Barbados,BRB,2016,183
Barbados,BRB,2017,0
Barbados,BRB,2018,187
Barbados,BRB,2019,0
Barbados,BRB,2020,0
Barbados,BRB,2021,0
Barbados,BRB,2022,0
Barbados,BRB,2023,0
Barbados,BRB,2024,0
Belarus,BLR,2012,46697
Belarus,BLR,2013,19157
Belarus,BLR,2014,120299
Belarus,BLR,2015,174500
Belarus,BLR,2016,18731
Belarus,BLR,2017,29649
Belarus,BLR,2018,28324
Belarus,BLR,2019,98213
Belarus,BLR,2020,75619
Belarus,BLR,2021,22181
Belarus,BLR,2022,25042
Belarus,BLR,2023,5935
Belarus,BLR,2024,1159
Belgium,BEL,2012,0
Belgium,BEL,2013,306
Belgium,BEL,2014,754
Belgium,BEL,2015,180
Belgium,BEL,2016,473
Belgium,BEL,2017,0
Belgium,BEL,2018,282
Belgium,BEL,2019,734
Belgium,BEL,2020,127
Belgium,BEL,2021,1053
Belgium,BEL,2022,567
Belgium,BEL,2023,559
Belgium,BEL,2024,0
Belize,BLZ,2012,72790
Belize,BLZ,2013,199163
Belize,BLZ,2014,100090
Belize,BLZ,2015,158305
Belize,BLZ,2016,105952
Belize,BLZ,2017,115603
Belize,BLZ,2018,69255
Belize,BLZ,2019,173371
Belize,BLZ,2020,122773
Belize,BLZ,2021,84117
Belize,BLZ,2022,87095
Belize,BLZ,2023,187405
Belize,BLZ,2024,29715
Benin,BEN,2012,1268566
Benin,BEN,2013,1550504
Benin,BEN,2014,1373208
Benin,BEN,2015,1257442
Benin,BEN,2016,1330495
Benin,BEN,2017,1384900
Benin,BEN,2018,489603
Benin,BEN,2019,1108735
Benin,BEN,2020,1037099
Benin,BEN,2021,1140568
Benin,BEN,2022,933707
Benin,BEN,2023,735114
Benin,BEN,2024,358877
Bermuda,BMU,2012,0
Bermuda,BMU,2013,0
Bermuda,BMU,2014,0
Bermuda,BMU,2015,0
Bermuda,BMU,2016,0
Bermuda,BMU,2017,0
Bermuda,BMU,2018,0
Bermuda,BMU,2019,0
Bermuda,BMU,2020,0
Bermuda,BMU,2021,0
Bermuda,BMU,2022,0
Bermuda,BMU,2023,0
Bermuda,BMU,2024,0
Bhutan,BTN,2012,40020
Bhutan,BTN,2013,15307
Bhutan,BTN,2014,30306
Bhutan,BTN,2015,24754
Bhutan,BTN,2016,17693
Bhutan,BTN,2017,18253
Bhutan,BTN,2018,6844
Bhutan,BTN,2019,8753
Bhutan,BTN,2020,8059
Bhutan,BTN,2021,19193
Bhutan,BTN,2022,7670
Bhutan,BTN,2023,17164
Bhutan,BTN,2024,5872
Bolivia,BOL,2012,4214212
Bolivia,BOL,2013,2964970
Bolivia,BOL,2014,2449380
Bolivia,BOL,2015,3863839
Bolivia,BOL,2016,6700339
Bolivia,BOL,2017,5197891
Bolivia,BOL,2018,4569257
Bolivia,BOL,2019,8928270
Bolivia,BOL,2020,7570460
Bolivia,BOL,2021,7386558
Bolivia,BOL,2022,8274884
Bolivia,BOL,2023,7909086
Bolivia,BOL,2024,358829
Bonaire Sint Eustatius and Saba,BES,2012,0
Bonaire Sint Eustatius and Saba,BES,2013,0
Bonaire Sint Eustatius and Saba,BES,2014,0
Bonaire Sint Eustatius and Saba,BES,2015,0
Bonaire Sint Eustatius and Saba,BES,2016,0
Bonaire Sint Eustatius and Saba,BES,2017,0
Bonaire Sint Eustatius and Saba,BES,2018,0
Bonaire Sint Eustatius and Saba,BES,2019,0
Bonaire Sint Eustatius and Saba,BES,2020,0
Bonaire Sint Eustatius and Saba,BES,2021,0
Bonaire Sint Eustatius and Saba,BES,2022,0
Bonaire Sint Eustatius and Saba,BES,2023,0
Bonaire Sint Eustatius and Saba,BES,2024,0
Bosnia and Herzegovina,BIH,2012,210477
Bosnia and Herzegovina,BIH,2013,12133
Bosnia and Herzegovina,BIH,2014,11133
Bosnia and Herzegovina,BIH,2015,52615
Bosnia and Herzegovina,BIH,2016,45811
Bosnia and Herzegovina,BIH,2017,133787
Bosnia and Herzegovina,BIH,2018,8118
Bosnia and Herzegovina,BIH,2019,47933
Bosnia and Herzegovina,BIH,2020,119257
Bosnia and Herzegovina,BIH,2021,65019
Bosnia and Herzegovina,BIH,2022,102401
Bosnia and Herzegovina,BIH,2023,5886
Bosnia and Herzegovina,BIH,2024,9601
Botswana,BWA,2012,2113323
Botswana,BWA,2013,1838538
Botswana,BWA,2014,1113764
Botswana,BWA,2015,1166576
Botswana,BWA,2016,818335
Botswana,BWA,2017,2581796
Botswana,BWA,2018,1356382
Botswana,BWA,2019,865061
Botswana,BWA,2020,1443178
Botswana,BWA,2021,5213108
Botswana,BWA,2022,3803431
Botswana,BWA,2023,4416359
Botswana,BWA,2024,88502
Bouvet Island,BVT,2012,0
Bouvet Island,BVT,2013,0
Bouvet Island,BVT,2014,0
Bouvet Island,BVT,2015,0
Bouvet Island,BVT,2016,0
Bouvet Island,BVT,2017,0
Bouvet Island,BVT,2018,0
Bouvet Island,BVT,2019,0
Bouvet Island,BVT,2020,0
Bouvet Island,BVT,2021,0
Bouvet Island,BVT,2022,0
Bouvet Island,BVT,2023,0
Bouvet Island,BVT,2024,0
Brazil,BRA,2012,39105944
Brazil,BRA,2013,18181296
Brazil,BRA,2014,28605306
Brazil,BRA,2015,41041716
Brazil,BRA,2016,30046108
Brazil,BRA,2017,37599004
Brazil,BRA,2018,19926660
Brazil,BRA,2019,33956044
Brazil,BRA,2020,37356150
Brazil,BRA,2021,29101620
Brazil,BRA,2022,32589640
Brazil,BRA,2023,27701730
Brazil,BRA,2024,1976172
British Indian Ocean Territory,IOT,2012,0
British Indian Ocean Territory,IOT,2013,0
British Indian Ocean Territory,IOT,2014,0
British Indian Ocean Territory,IOT,2015,0
British Indian Ocean Territory,IOT,2016,0
British Indian Ocean Territory,IOT,2017,0
British Indian Ocean Territory,IOT,2018,0
British Indian Ocean Territory,IOT,2019,0
British Indian Ocean Territory,IOT,2020,0
British Indian Ocean Territory,IOT,2021,0
British Indian Ocean Territory,IOT,2022,0
British Indian Ocean Territory,IOT,2023,0
British Indian Ocean Territory,IOT,2024,0
British Virgin Islands,VGB,2012,0
British Virgin Islands,VGB,2013,0
British Virgin Islands,VGB,2014,0
British Virgin Islands,VGB,2015,0
British Virgin Islands,VGB,2016,0
British Virgin Islands,VGB,2017,139
British Virgin Islands,VGB,2018,299
British Virgin Islands,VGB,2019,0
British Virgin Islands,VGB,2020,166
British Virgin Islands,VGB,2021,0
British Virgin Islands,VGB,2022,0
British Virgin Islands,VGB,2023,0
British Virgin Islands,VGB,2024,0
Brunei,BRN,2012,1013
Brunei,BRN,2013,395
Brunei,BRN,2014,1194
Brunei,BRN,2015,3471
Brunei,BRN,2016,5351
Brunei,BRN,2017,0
Brunei,BRN,2018,386
Brunei,BRN,2019,1340
Brunei,BRN,2020,1947
Brunei,BRN,2021,1395
Brunei,BRN,2022,931
Brunei,BRN,2023,681
Brunei,BRN,2024,1348
Bulgaria,BGR,2012,219605
Bulgaria,BGR,2013,116161
Bulgaria,BGR,2014,61373
Bulgaria,BGR,2015,77767
Bulgaria,BGR,2016,132490
Bulgaria,BGR,2017,140503
Bulgaria,BGR,2018,124715
Bulgaria,BGR,2019,203894
Bulgaria,BGR,2020,38466
Bulgaria,BGR,2021,33563
Bulgaria,BGR,2022,48848
Bulgaria,BGR,2023,31216
Bulgaria,BGR,2024,5835
Burkina Faso,BFA,2012,1144833
Burkina Faso,BFA,2013,1549970
Burkina Faso,BFA,2014,1300879
Burkina Faso,BFA,2015,1191622
Burkina Faso,BFA,2016,1433863
Burkina Faso,BFA,2017,1447226
Burkina Faso,BFA,2018,435401
Burkina Faso,BFA,2019,1082283
Burkina Faso,BFA,2020,1179768
Burkina Faso,BFA,2021,1449725
Burkina Faso,BFA,2022,997114
Burkina Faso,BFA,2023,1689108
Burkina Faso,BFA,2024,784827
Burundi,BDI,2012,57098
Burundi,BDI,2013,96080
Burundi,BDI,2014,53703
Burundi,BDI,2015,121574
Burundi,BDI,2016,98272
Burundi,BDI,2017,48121
Burundi,BDI,2018,32679
Burundi,BDI,2019,52200
Burundi,BDI,2020,65028
Burundi,BDI,2021,38820
Burundi,BDI,2022,42655
Burundi,BDI,2023,35647
Burundi,BDI,2024,0
Cambodia,KHM,2012,2227220
Cambodia,KHM,2013,4204547
Cambodia,KHM,2014,3649987
Cambodia,KHM,2015,4592000
Cambodia,KHM,2016,4569904
Cambodia,KHM,2017,2657436
Cambodia,KHM,2018,1668850
Cambodia,KHM,2019,3540660
Cambodia,KHM,2020,4076690
Cambodia,KHM,2021,3325437
Cambodia,KHM,2022,1989572
Cambodia,KHM,2023,1955538
Cambodia,KHM,2024,2342901
Cameroon,CMR,2012,3116849
Cameroon,CMR,2013,3326300
Cameroon,CMR,2014,3311636
Cameroon,CMR,2015,3289635
Cameroon,CMR,2016,3949384
Cameroon,CMR,2017,4002150
Cameroon,CMR,2018,2150495
Cameroon,CMR,2019,3385443
Cameroon,CMR,2020,4389725
Cameroon,CMR,2021,4274354
Cameroon,CMR,2022,3621506
Cameroon,CMR,2023,3661630
Cameroon,CMR,2024,2046632
Canada,CAN,2012,2153806
Canada,CAN,2013,3887455
Canada,CAN,2014,4377769
Canada,CAN,2015,4085320
Canada,CAN,2016,1552176
Canada,CAN,2017,4044314
Canada,CAN,2018,2874870
Canada,CAN,2019,2099705
Canada,CAN,2020,611974
Canada,CAN,2021,4469059
Canada,CAN,2022,1739592
Canada,CAN,2023,15252934
Canada,CAN,2024,36669
Cape Verde,CPV,2012,192
Cape Verde,CPV,2013,0
Cape Verde,CPV,2014,11820
Cape Verde,CPV,2015,3612
Cape Verde,CPV,2016,0
Cape Verde,CPV,2017,0
Cape Verde,CPV,2018,236
Cape Verde,CPV,2019,0
Cape Verde,CPV,2020,0
Cape Verde,CPV,2021,0
Cape Verde,CPV,2022,169
Cape Verde,CPV,2023,1449
Cape Verde,CPV,2024,0
Cayman Islands,CYM,2012,0
Cayman Islands,CYM,2013,0
Cayman Islands,CYM,2014,0
Cayman Islands,CYM,2015,0
Cayman Islands,CYM,2016,0
Cayman Islands,CYM,2017,0
Cayman Islands,CYM,2018,0
Cayman Islands,CYM,2019,0
Cayman Islands,CYM,2020,0
Cayman Islands,CYM,2021,0
Cayman Islands,CYM,2022,0
Cayman Islands,CYM,2023,191
Cayman Islands,CYM,2024,0
Central African Republic,CAF,2012,11779837
Central African Republic,CAF,2013,15939629
Central African Republic,CAF,2014,17592108
Central African Republic,CAF,2015,19772344
Central African Republic,CAF,2016,21646164
Central African Republic,CAF,2017,17282400
Central African Republic,CAF,2018,14177535
Central African Republic,CAF,2019,14998084
Central African Republic,CAF,2020,18434704
Central African Republic,CAF,2021,16541888
Central African Republic,CAF,2022,16668238
Central African Republic,CAF,2023,12348920
Central African Republic,CAF,2024,9139400
Chad,TCD,2012,6182291
Chad,TCD,2013,6200586
Chad,TCD,2014,5109721
Chad,TCD,2015,5230042
Chad,TCD,2016,6893435
Chad,TCD,2017,5472023
Chad,TCD,2018,3109374
Chad,TCD,2019,4957446
Chad,TCD,2020,5819171
Chad,TCD,2021,6384462
Chad,TCD,2022,4116742
Chad,TCD,2023,4691048
Chad,TCD,2024,1483118
Chile,CHL,2012,275834
Chile,CHL,2013,290542
Chile,CHL,2014,327965
Chile,CHL,2015,512327
Chile,CHL,2016,340882
Chile,CHL,2017,900075
Chile,CHL,2018,278799
Chile,CHL,2019,341081
Chile,CHL,2020,353030
Chile,CHL,2021,297800
Chile,CHL,2022,406153
Chile,CHL,2023,736984
Chile,CHL,2024,110114
China,CHN,2012,2554228
China,CHN,2013,3548627
China,CHN,2014,5535360
China,CHN,2015,4716652
China,CHN,2016,2687853
China,CHN,2017,3826106
China,CHN,2018,1443706
China,CHN,2019,2680905
China,CHN,2020,3030089
China,CHN,2021,2566827
China,CHN,2022,2530514
China,CHN,2023,2697242
China,CHN,2024,794881
Christmas Island,CXR,2012,0
Christmas Island,CXR,2013,0
Christmas Island,CXR,2014,0
Christmas Island,CXR,2015,0
Christmas Island,CXR,2016,0
Christmas Island,CXR,2017,0
Christmas Island,CXR,2018,0
Christmas Island,CXR,2019,0
Christmas Island,CXR,2020,0
Christmas Island,CXR,2021,0
Christmas Island,CXR,2022,0
Christmas Island,CXR,2023,0
Christmas Island,CXR,2024,0
Cocos Islands,CCK,2012,0
Cocos Islands,CCK,2013,0
Cocos Islands,CCK,2014,0
Cocos Islands,CCK,2015,0
Cocos Islands,CCK,2016,0
Cocos Islands,CCK,2017,0
Cocos Islands,CCK,2018,0
Cocos Islands,CCK,2019,0
Cocos Islands,CCK,2020,0
Cocos Islands,CCK,2021,0
Cocos Islands,CCK,2022,0
Cocos Islands,CCK,2023,0
Cocos Islands,CCK,2024,0
Colombia,COL,2012,1597072
Colombia,COL,2013,2008298
Colombia,COL,2014,2760142
Colombia,COL,2015,2018249
Colombia,COL,2016,2979267
Colombia,COL,2017,1765401
Colombia,COL,2018,1218650
Colombia,COL,2019,2457393
Colombia,COL,2020,3402381
Colombia,COL,2021,1697673
Colombia,COL,2022,2849822
Colombia,COL,2023,1850696
Colombia,COL,2024,1666298
Comoros,COM,2012,1539
Comoros,COM,2013,3301
Comoros,COM,2014,2168
Comoros,COM,2015,6316
Comoros,COM,2016,1603
Comoros,COM,2017,2642
Comoros,COM,2018,3521
Comoros,COM,2019,5455
Comoros,COM,2020,1030
Comoros,COM,2021,2797
Comoros,COM,2022,412
Comoros,COM,2023,878
Comoros,COM,2024,0
Congo,COG,2012,1743076
Congo,COG,2013,2018848
Congo,COG,2014,1558732
Congo,COG,2015,1828266
Congo,COG,2016,1919484
Congo,COG,2017,1513189
Congo,COG,2018,1719546
Congo,COG,2019,1571287
Congo,COG,2020,1740073
Congo,COG,2021,1392672
Congo,COG,2022,1815376
Congo,COG,2023,1394164
Congo,COG,2024,219260
Cook Islands,COK,2012,0
Cook Islands,COK,2013,0
Cook Islands,COK,2014,0
Cook Islands,COK,2015,0
Cook Islands,COK,2016,0
Cook Islands,COK,2017,0
Cook Islands,COK,2018,0
Cook Islands,COK,2019,0
Cook Islands,COK,2020,0
Cook Islands,COK,2021,0
Cook Islands,COK,2022,0
Cook Islands,COK,2023,0
Cook Islands,COK,2024,0
Costa Rica,CRI,2012,93193
Costa Rica,CRI,2013,173609
Costa Rica,CRI,2014,113979
Costa Rica,CRI,2015,130323
Costa Rica,CRI,2016,146248
Costa Rica,CRI,2017,81968
Costa Rica,CRI,2018,80997
Costa Rica,CRI,2019,128112
Costa Rica,CRI,2020,111750
Costa Rica,CRI,2021,39664
Costa Rica,CRI,2022,127076
Costa Rica,CRI,2023,45924
Costa Rica,CRI,2024,84265
Cote d'Ivoire,CIV,2012,2195871
Cote d'Ivoire,CIV,2013,3766990
Cote d'Ivoire,CIV,2014,2424706
Cote d'Ivoire,CIV,2015,2633467
Cote d'Ivoire,CIV,2016,2850211
Cote d'Ivoire,CIV,2017,2123098
Cote d'Ivoire,CIV,2018,1373532
Cote d'Ivoire,CIV,2019,1686597
Cote d'Ivoire,CIV,2020,2101639
Cote d'Ivoire,CIV,2021,1588574
Cote d'Ivoire,CIV,2022,1733152
Cote d'Ivoire,CIV,2023,1197962
Cote d'Ivoire,CIV,2024,991908
Croatia,HRV,2012,63227
Croatia,HRV,2013,4886
Croatia,HRV,2014,4971
Croatia,HRV,2015,18323
Croatia,HRV,2016,16503
Croatia,HRV,2017,87622
Croatia,HRV,2018,6343
Croatia,HRV,2019,22009
Croatia,HRV,2020,21981
Croatia,HRV,2021,10057
Croatia,HRV,2022,41288
Croatia,HRV,2023,2328
Croatia,HRV,2024,2264
Cuba,CUB,2012,348469
Cuba,CUB,2013,427301
Cuba,CUB,2014,289674
Cuba,CUB,2015,544206
Cuba,CUB,2016,263281
Cuba,CUB,2017,523564
Cuba,CUB,2018,167831
Cuba,CUB,2019,292789
Cuba,CUB,2020,791904
Cuba,CUB,2021,520600
Cuba,CUB,2022,384510
Cuba,CUB,2023,788346
Cuba,CUB,2024,304245
Curacao,CUW,2012,464
Curacao,CUW,2013,112
Curacao,CUW,2014,0
Curacao,CUW,2015,171
Curacao,CUW,2016,0
Curacao,CUW,2017,0
Curacao,CUW,2018,0
Curacao,CUW,2019,0
Curacao,CUW,2020,0
Curacao,CUW,2021,0
Curacao,CUW,2022,0
Curacao,CUW,2023,0
Curacao,CUW,2024,0
Cyprus,CYP,2012,3137
Cyprus,CYP,2013,3205
Cyprus,CYP,2014,271
Cyprus,CYP,2015,2114
Cyprus,CYP,2016,3159
Cyprus,CYP,2017,585
Cyprus,CYP,2018,1823
Cyprus,CYP,2019,943
Cyprus,CYP,2020,2329
Cyprus,CYP,2021,3152
Cyprus,CYP,2022,833
Cyprus,CYP,2023,926
Cyprus,CYP,2024,0
Czechia,CZE,2012,840
Czechia,CZE,2013,177
Czechia,CZE,2014,1010
Czechia,CZE,2015,451
Czechia,CZE,2016,120
Czechia,CZE,2017,616
Czechia,CZE,2018,571
Czechia,CZE,2019,177
Czechia,CZE,2020,1995
Czechia,CZE,2021,469
Czechia,CZE,2022,100
Czechia,CZE,2023,283
Czechia,CZE,2024,0
Democratic Republic of Congo,COD,2012,38533960
Democratic Republic of Congo,COD,2013,46038184
Democratic Republic of Congo,COD,2014,41619330
Democratic Republic of Congo,COD,2015,47299910
Democratic Republic of Congo,COD,2016,50637296
Democratic Republic of Congo,COD,2017,45469036
Democratic Republic of Congo,COD,2018,42189784
Democratic Republic of Congo,COD,2019,43803908
Democratic Republic of Congo,COD,2020,47181270
Democratic Republic of Congo,COD,2021,41513104
Democratic Republic of Congo,COD,2022,44166250
Democratic Republic of Congo,COD,2023,40978036
Democratic Republic of Congo,COD,2024,5230629
Denmark,DNK,2012,547
Denmark,DNK,2013,289
Denmark,DNK,2014,523
Denmark,DNK,2015,865
Denmark,DNK,2016,79
Denmark,DNK,2017,674
Denmark,DNK,2018,1239
Denmark,DNK,2019,0
Denmark,DNK,2020,0
Denmark,DNK,2021,645
Denmark,DNK,2022,1556
Denmark,DNK,2023,951
Denmark,DNK,2024,0
Djibouti,DJI,2012,0
Djibouti,DJI,2013,0
Djibouti,DJI,2014,0
Djibouti,DJI,2015,0
Djibouti,DJI,2016,240
Djibouti,DJI,2017,202
Djibouti,DJI,2018,371
Djibouti,DJI,2019,340
Djibouti,DJI,2020,460
Djibouti,DJI,2021,136
Djibouti,DJI,2022,0
Djibouti,DJI,2023,0
Djibouti,DJI,2024,0
Dominica,DMA,2012,0
Dominica,DMA,2013,0
Dominica,DMA,2014,0
Dominica,DMA,2015,0
Dominica,DMA,2016,0
Dominica,DMA,2017,178
Dominica,DMA,2018,0
Dominica,DMA,2019,247
Dominica,DMA,2020,131
Dominica,DMA,2021,207
Dominica,DMA,2022,0
Dominica,DMA,2023,198
Dominica,DMA,2024,109
Dominican Republic,DOM,2012,64747
Dominican Republic,DOM,2013,112065
Dominican Republic,DOM,2014,71342
Dominican Republic,DOM,2015,98937
Dominican Republic,DOM,2016,30041
Dominican Republic,DOM,2017,22881
Dominican Republic,DOM,2018,37925
Dominican Republic,DOM,2019,54030
Dominican Republic,DOM,2020,51360
Dominican Republic,DOM,2021,55678
Dominican Republic,DOM,2022,53265
Dominican Republic,DOM,2023,116017
Dominican Republic,DOM,2024,36666
East Timor,TLS,2012,65535
East Timor,TLS,2013,17974
East Timor,TLS,2014,107985
East Timor,TLS,2015,54166
East Timor,TLS,2016,7024
East Timor,TLS,2017,58341
East Timor,TLS,2018,94086
East Timor,TLS,2019,86445
East Timor,TLS,2020,42069
East Timor,TLS,2021,12013
East Timor,TLS,2022,5972
East Timor,TLS,2023,68724
East Timor,TLS,2024,0
Ecuador,ECU,2012,271812
Ecuador,ECU,2013,232142
Ecuador,ECU,2014,153318
Ecuador,ECU,2015,161009
Ecuador,ECU,2016,336476
Ecuador,ECU,2017,133350
Ecuador,ECU,2018,182300
Ecuador,ECU,2019,249391
Ecuador,ECU,2020,334385
Ecuador,ECU,2021,154846
Ecuador,ECU,2022,304119
Ecuador,ECU,2023,103371
Ecuador,ECU,2024,41911
Egypt,EGY,2012,12316
Egypt,EGY,2013,21482
Egypt,EGY,2014,17366
Egypt,EGY,2015,14633
Egypt,EGY,2016,23769
Egypt,EGY,2017,19769
Egypt,EGY,2018,11328
Egypt,EGY,2019,9117
Egypt,EGY,2020,14452
Egypt,EGY,2021,17172
Egypt,EGY,2022,23375
Egypt,EGY,2023,21386
Egypt,EGY,2024,2961
El Salvador,SLV,2012,36901
El Salvador,SLV,2013,126365
El Salvador,SLV,2014,55231
El Salvador,SLV,2015,124234
El Salvador,SLV,2016,41175
El Salvador,SLV,2017,128324
El Salvador,SLV,2018,53427
El Salvador,SLV,2019,90509
El Salvador,SLV,2020,68161
El Salvador,SLV,2021,21480
El Salvador,SLV,2022,57101
El Salvador,SLV,2023,32154
El Salvador,SLV,2024,17603
Equatorial Guinea,GNQ,2012,1393
Equatorial Guinea,GNQ,2013,3917
Equatorial Guinea,GNQ,2014,4823
Equatorial Guinea,GNQ,2015,8860
Equatorial Guinea,GNQ,2016,2620
Equatorial Guinea,GNQ,2017,1440
Equatorial Guinea,GNQ,2018,1589
Equatorial Guinea,GNQ,2019,3347
Equatorial Guinea,GNQ,2020,3933
Equatorial Guinea,GNQ,2021,3408
Equatorial Guinea,GNQ,2022,3266
Equatorial Guinea,GNQ,2023,3977
Equatorial Guinea,GNQ,2024,3604
Eritrea,ERI,2012,8718
Eritrea,ERI,2013,9881
Eritrea,ERI,2014,9143
Eritrea,ERI,2015,7575
Eritrea,ERI,2016,3741
Eritrea,ERI,2017,2675
Eritrea,ERI,2018,5197
Eritrea,ERI,2019,21660
Eritrea,ERI,2020,60824
Eritrea,ERI,2021,29796
Eritrea,ERI,2022,21786
Eritrea,ERI,2023,18367
Eritrea,ERI,2024,2613
Estonia,EST,2012,0
Estonia,EST,2013,296
Estonia,EST,2014,235
Estonia,EST,2015,212
Estonia,EST,2016,4
Estonia,EST,2017,0
Estonia,EST,2018,1267
Estonia,EST,2019,13
Estonia,EST,2020,0
Estonia,EST,2021,0
Estonia,EST,2022,4
Estonia,EST,2023,435
Estonia,EST,2024,0
Eswatini,SWZ,2012,151872
Eswatini,SWZ,2013,166193
Eswatini,SWZ,2014,187805
Eswatini,SWZ,2015,79048
Eswatini,SWZ,2016,58096
Eswatini,SWZ,2017,98427
Eswatini,SWZ,2018,75381
Eswatini,SWZ,2019,221505
Eswatini,SWZ,2020,84868
Eswatini,SWZ,2021,119703
Eswatini,SWZ,2022,73821
Eswatini,SWZ,2023,104081
Eswatini,SWZ,2024,2713
Ethiopia,ETH,2012,5965784
Ethiopia,ETH,2013,6985487
Ethiopia,ETH,2014,6141209
Ethiopia,ETH,2015,7442469
Ethiopia,ETH,2016,6985307
Ethiopia,ETH,2017,6126370
Ethiopia,ETH,2018,3389418
Ethiopia,ETH,2019,5224258
Ethiopia,ETH,2020,5619382
Ethiopia,ETH,2021,6497210
Ethiopia,ETH,2022,4665874
Ethiopia,ETH,2023,3998402
Ethiopia,ETH,2024,2396220
Europe,,2012,28150756
Europe,,2013,11785220
Europe,,2014,22788308
Europe,,2015,17351120
Europe,,2016,17636288
Europe,,2017,15063105
Europe,,2018,15966279
Europe,,2019,18681800
Europe,,2020,18501448
Europe,,2021,18809518
Europe,,2022,12632278
Europe,,2023,11524028
Europe,,2024,825826
Falkland Islands,FLK,2012,9437
Falkland Islands,FLK,2013,1518
Falkland Islands,FLK,2014,260
Falkland Islands,FLK,2015,1668
Falkland Islands,FLK,2016,3746
Falkland Islands,FLK,2017,2030
Falkland Islands,FLK,2018,717
Falkland Islands,FLK,2019,136
Falkland Islands,FLK,2020,142
Falkland Islands,FLK,2021,1387
Falkland Islands,FLK,2022,4214
Falkland Islands,FLK,2023,1036
Falkland Islands,FLK,2024,134
Faroe Islands,FRO,2012,0
Faroe Islands,FRO,2013,0
Faroe Islands,FRO,2014,0
Faroe Islands,FRO,2015,0
Faroe Islands,FRO,2016,0
Faroe Islands,FRO,2017,0
Faroe Islands,FRO,2018,0
Faroe Islands,FRO,2019,0
Faroe Islands,FRO,2020,0
Faroe Islands,FRO,2021,0
Faroe Islands,FRO,2022,0
Faroe Islands,FRO,2023,0
Faroe Islands,FRO,2024,0
Fiji,FJI,2012,16883
Fiji,FJI,2013,29689
Fiji,FJI,2014,96830
Fiji,FJI,2015,50240
Fiji,FJI,2016,33972
Fiji,FJI,2017,47472
Fiji,FJI,2018,41883
Fiji,FJI,2019,13403
Fiji,FJI,2020,20445
Fiji,FJI,2021,32345
Fiji,FJI,2022,16957
Fiji,FJI,2023,27279
Fiji,FJI,2024,0
Finland,FIN,2012,851
Finland,FIN,2013,2113
Finland,FIN,2014,501
Finland,FIN,2015,521
Finland,FIN,2016,883
Finland,FIN,2017,697
Finland,FIN,2018,2897
Finland,FIN,2019,442
Finland,FIN,2020,1253
Finland,FIN,2021,2040
Finland,FIN,2022,999
Finland,FIN,2023,1030
Finland,FIN,2024,0
France,FRA,2012,54679
France,FRA,2013,12392
France,FRA,2014,40871
France,FRA,2015,33160
France,FRA,2016,30037
France,FRA,2017,72976
France,FRA,2018,11100
France,FRA,2019,92497
France,FRA,2020,31365
France,FRA,2021,37118
France,FRA,2022,96205
France,FRA,2023,34971
France,FRA,2024,9247
French Guiana,GUF,2012,34088
French Guiana,GUF,2013,13733
French Guiana,GUF,2014,14675
French Guiana,GUF,2015,32565
French Guiana,GUF,2016,42849
French Guiana,GUF,2017,14303
French Guiana,GUF,2018,28595
French Guiana,GUF,2019,16126
French Guiana,GUF,2020,21009
French Guiana,GUF,2021,6661
French Guiana,GUF,2022,9493
French Guiana,GUF,2023,43130
French Guiana,GUF,2024,807
French Polynesia,PYF,2012,0
French Polynesia,PYF,2013,0
French Polynesia,PYF,2014,0
French Polynesia,PYF,2015,0
French Polynesia,PYF,2016,0
French Polynesia,PYF,2017,0
French Polynesia,PYF,2018,0
French Polynesia,PYF,2019,0
French Polynesia,PYF,2020,0
French Polynesia,PYF,2021,0
French Polynesia,PYF,2022,0
French Polynesia,PYF,2023,0
French Polynesia,PYF,2024,0
French Southern Territories,ATF,2012,0
French Southern Territories,ATF,2013,0
French Southern Territories,ATF,2014,0
French Southern Territories,ATF,2015,0
French Southern Territories,ATF,2016,0
French Southern Territories,ATF,2017,0
French Southern Territories,ATF,2018,0
French Southern Territories,ATF,2019,0
French Southern Territories,ATF,2020,0
French Southern Territories,ATF,2021,0
French Southern Territories,ATF,2022,0
French Southern Territories,ATF,2023,0
French Southern Territories,ATF,2024,0
Gabon,GAB,2012,244038
Gabon,GAB,2013,249626
Gabon,GAB,2014,176276
Gabon,GAB,2015,189548
Gabon,GAB,2016,214136
Gabon,GAB,2017,189020
Gabon,GAB,2018,192216
Gabon,GAB,2019,204174
Gabon,GAB,2020,210204
Gabon,GAB,2021,155219
Gabon,GAB,2022,206583
Gabon,GAB,2023,181638
Gabon,GAB,2024,28161
Gambia,GMB,2012,91356
Gambia,GMB,2013,108088
Gambia,GMB,2014,86422
Gambia,GMB,2015,54417
Gambia,GMB,2016,106890
Gambia,GMB,2017,120160
Gambia,GMB,2018,81138
Gambia,GMB,2019,82975
Gambia,GMB,2020,129342
Gambia,GMB,2021,119838
Gambia,GMB,2022,136359
Gambia,GMB,2023,163786
Gambia,GMB,2024,91304
Georgia,GEO,2012,30527
Georgia,GEO,2013,26788
Georgia,GEO,2014,29222
Georgia,GEO,2015,47625
Georgia,GEO,2016,41654
Georgia,GEO,2017,52434
Georgia,GEO,2018,29194
Georgia,GEO,2019,61478
Georgia,GEO,2020,40610
Georgia,GEO,2021,35330
Georgia,GEO,2022,23263
Georgia,GEO,2023,12590
Georgia,GEO,2024,8987
Germany,DEU,2012,1888
Germany,DEU,2013,2204
Germany,DEU,2014,1315
Germany,DEU,2015,2415
Germany,DEU,2016,1955
Germany,DEU,2017,1103
Germany,DEU,2018,9522
Germany,DEU,2019,6227
Germany,DEU,2020,2621
Germany,DEU,2021,948
Germany,DEU,2022,10448
Germany,DEU,2023,5406
Germany,DEU,2024,469
Ghana,GHA,2012,3277909
Ghana,GHA,2013,5321595
Ghana,GHA,2014,4935553
Ghana,GHA,2015,5523377
Ghana,GHA,2016,4801566
Ghana,GHA,2017,5692820
Ghana,GHA,2018,3147790
Ghana,GHA,2019,4657840
Ghana,GHA,2020,6004830
Ghana,GHA,2021,4045037
Ghana,GHA,2022,4936333
Ghana,GHA,2023,3474735
Ghana,GHA,2024,2316058
Gibraltar,GIB,2012,0
Gibraltar,GIB,2013,0
Gibraltar,GIB,2014,0
Gibraltar,GIB,2015,0
Gibraltar,GIB,2016,0
Gibraltar,GIB,2017,0
Gibraltar,GIB,2018,0
Gibraltar,GIB,2019,0
Gibraltar,GIB,2020,0
Gibraltar,GIB,2021,0
Gibraltar,GIB,2022,0
Gibraltar,GIB,2023,0
Gibraltar,GIB,2024,0
Greece,GRC,2012,100809
Greece,GRC,2013,65619
Greece,GRC,2014,52511
Greece,GRC,2015,55880
Greece,GRC,2016,87679
Greece,GRC,2017,50954
Greece,GRC,2018,32385
Greece,GRC,2019,31538
Greece,GRC,2020,34811
Greece,GRC,2021,135748
Greece,GRC,2022,43526
Greece,GRC,2023,169195
Greece,GRC,2024,2652
Greenland,GRL,2012,0
Greenland,GRL,2013,0
Greenland,GRL,2014,139
Greenland,GRL,2015,506
Greenland,GRL,2016,105
Greenland,GRL,2017,3740
Greenland,GRL,2018,0
Greenland,GRL,2019,1932
Greenland,GRL,2020,475
Greenland,GRL,2021,0
Greenland,GRL,2022,0
Greenland,GRL,2023,0
Greenland,GRL,2024,0
Grenada,GRD,2012,0
Grenada,GRD,2013,0
Grenada,GRD,2014,0
Grenada,GRD,2015,0
Grenada,GRD,2016,0
Grenada,GRD,2017,0
Grenada,GRD,2018,0
Grenada,GRD,2019,0
Grenada,GRD,2020,0
Grenada,GRD,2021,0
Grenada,GRD,2022,0
Grenada,GRD,2023,0
Grenada,GRD,2024,0
Guadeloupe,GLP,2012,0
Guadeloupe,GLP,2013,0
Guadeloupe,GLP,2014,391
Guadeloupe,GLP,2015,0
Guadeloupe,GLP,2016,0
Guadeloupe,GLP,2017,0
Guadeloupe,GLP,2018,188
Guadeloupe,GLP,2019,0
Guadeloupe,GLP,2020,0
Guadeloupe,GLP,2021,0
Guadeloupe,GLP,2022,0
Guadeloupe,GLP,2023,185
Guadeloupe,GLP,2024,0
Guam,GUM,2012,702
Guam,GUM,2013,290
Guam,GUM,2014,1159
Guam,GUM,2015,1001
Guam,GUM,2016,979
Guam,GUM,2017,336
Guam,GUM,2018,193
Guam,GUM,2019,2222
Guam,GUM,2020,278
Guam,GUM,2021,495
Guam,GUM,2022,359
Guam,GUM,2023,0
Guam,GUM,2024,460
Guatemala,GTM,2012,540431
Guatemala,GTM,2013,942269
Guatemala,GTM,2014,416256
Guatemala,GTM,2015,594963
Guatemala,GTM,2016,657280
Guatemala,GTM,2017,583884
Guatemala,GTM,2018,305163
Guatemala,GTM,2019,609264
Guatemala,GTM,2020,622628
Guatemala,GTM,2021,320580
Guatemala,GTM,2022,392019
Guatemala,GTM,2023,681877
Guatemala,GTM,2024,209821
Guernsey,GGY,2012,0
Guernsey,GGY,2013,0
Guernsey,GGY,2014,0
Guernsey,GGY,2015,0
Guernsey,GGY,2016,0
Guernsey,GGY,2017,0
Guernsey,GGY,2018,0
Guernsey,GGY,2019,0
Guernsey,GGY,2020,0
Guernsey,GGY,2021,0
Guernsey,GGY,2022,0
Guernsey,GGY,2023,0
Guernsey,GGY,2024,0
Guinea,GIN,2012,6220890
Guinea,GIN,2013,7611372
Guinea,GIN,2014,8281819
Guinea,GIN,2015,7376334
Guinea,GIN,2016,7644579
Guinea,GIN,2017,7725026
Guinea,GIN,2018,4962162
Guinea,GIN,2019,7140849
Guinea,GIN,2020,6998378
Guinea,GIN,2021,5990530
Guinea,GIN,2022,6412383
Guinea,GIN,2023,5686315
Guinea,GIN,2024,3606310
Guinea-Bissau,GNB,2012,462718
Guinea-Bissau,GNB,2013,418358
Guinea-Bissau,GNB,2014,534307
Guinea-Bissau,GNB,2015,537553
Guinea-Bissau,GNB,2016,491963
Guinea-Bissau,GNB,2017,356833
Guinea-Bissau,GNB,2018,298413
Guinea-Bissau,GNB,2019,471545
Guinea-Bissau,GNB,2020,492330
Guinea-Bissau,GNB,2021,341459
Guinea-Bissau,GNB,2022,387680
Guinea-Bissau,GNB,2023,293799
Guinea-Bissau,GNB,2024,214503
Guyana,GUY,2012,125277
Guyana,GUY,2013,104194
Guyana,GUY,2014,134462
Guyana,GUY,2015,220745
Guyana,GUY,2016,181707
Guyana,GUY,2017,104980
Guyana,GUY,2018,115821
Guyana,GUY,2019,167517
Guyana,GUY,2020,163908
Guyana,GUY,2021,45378
Guyana,GUY,2022,46300
Guyana,GUY,2023,345898
Guyana,GUY,2024,500458
Haiti,HTI,2012,15802
Haiti,HTI,2013,22381
Haiti,HTI,2014,10165
Haiti,HTI,2015,16277
Haiti,HTI,2016,7448
Haiti,HTI,2017,10194
Haiti,HTI,2018,9836
Haiti,HTI,2019,15244
Haiti,HTI,2020,21196
Haiti,HTI,2021,15551
Haiti,HTI,2022,11231
Haiti,HTI,2023,29113
Haiti,HTI,2024,11803
Heard Island and McDonald Islands,HMD,2012,0
Heard Island and McDonald Islands,HMD,2013,0
Heard Island and McDonald Islands,HMD,2014,0
Heard Island and McDonald Islands,HMD,2015,0
Heard Island and McDonald Islands,HMD,2016,0
Heard Island and McDonald Islands,HMD,2017,0
Heard Island and McDonald Islands,HMD,2018,0
Heard Island and McDonald Islands,HMD,2019,0
Heard Island and McDonald Islands,HMD,2020,0
Heard Island and McDonald Islands,HMD,2021,0
Heard Island and McDonald Islands,HMD,2022,0
Heard Island and McDonald Islands,HMD,2023,0
Heard Island and McDonald Islands,HMD,2024,0
Honduras,HND,2012,257155
Honduras,HND,2013,896580
Honduras,HND,2014,803272
Honduras,HND,2015,743940
Honduras,HND,2016,831330
Honduras,HND,2017,478325
Honduras,HND,2018,790142
Honduras,HND,2019,1150659
Honduras,HND,2020,1754450
Honduras,HND,2021,357819
Honduras,HND,2022,517889
Honduras,HND,2023,1591657
Honduras,HND,2024,267276
Hong Kong,HKG,2012,0
Hong Kong,HKG,2013,189
Hong Kong,HKG,2014,869
Hong Kong,HKG,2015,324
Hong Kong,HKG,2016,851
Hong Kong,HKG,2017,782
Hong Kong,HKG,2018,857
Hong Kong,HKG,2019,208
Hong Kong,HKG,2020,414
Hong Kong,HKG,2021,1249
Hong Kong,HKG,2022,164
Hong Kong,HKG,2023,0
Hong Kong,HKG,2024,0
Hungary,HUN,2012,27134
Hungary,HUN,2013,6026
Hungary,HUN,2014,7416
Hungary,HUN,2015,6834
Hungary,HUN,2016,2226
Hungary,HUN,2017,5815
Hungary,HUN,2018,6551
Hungary,HUN,2019,8255
Hungary,HUN,2020,7448
Hungary,HUN,2021,6136
Hungary,HUN,2022,22367
Hungary,HUN,2023,1654
Hungary,HUN,2024,770
Iceland,ISL,2012,58
Iceland,ISL,2013,247
Iceland,ISL,2014,25145
Iceland,ISL,2015,2499
Iceland,ISL,2016,71
Iceland,ISL,2017,0
Iceland,ISL,2018,243
Iceland,ISL,2019,198
Iceland,ISL,2020,606
Iceland,ISL,2021,30188
Iceland,ISL,2022,4681
Iceland,ISL,2023,10495
Iceland,ISL,2024,6571
India,IND,2012,8020169
India,IND,2013,5621049
India,IND,2014,6468019
India,IND,2015,5295846
India,IND,2016,8622244
India,IND,2017,7065325
India,IND,2018,6481685
India,IND,2019,6163753
India,IND,2020,5348453
India,IND,2021,11505498
India,IND,2022,7612213
India,IND,2023,5284408
India,IND,2024,1845682
Indonesia,IDN,2012,4875990
Indonesia,IDN,2013,3655089
Indonesia,IDN,2014,8321595
Indonesia,IDN,2015,14101236
Indonesia,IDN,2016,1415318
Indonesia,IDN,2017,967866
Indonesia,IDN,2018,2930734
Indonesia,IDN,2019,6269736
Indonesia,IDN,2020,903265
Indonesia,IDN,2021,615363
Indonesia,IDN,2022,585554
Indonesia,IDN,2023,3558751
Indonesia,IDN,2024,88783
Iran,IRN,2012,362211
Iran,IRN,2013,388825
Iran,IRN,2014,429016
Iran,IRN,2015,386203
Iran,IRN,2016,521903
Iran,IRN,2017,488428
Iran,IRN,2018,394155
Iran,IRN,2019,482062
Iran,IRN,2020,506242
Iran,IRN,2021,473192
Iran,IRN,2022,406370
Iran,IRN,2023,357729
Iran,IRN,2024,98157
Iraq,IRQ,2012,209763
Iraq,IRQ,2013,198679
Iraq,IRQ,2014,289817
Iraq,IRQ,2015,488802
Iraq,IRQ,2016,441051
Iraq,IRQ,2017,271973
Iraq,IRQ,2018,353772
Iraq,IRQ,2019,778327
Iraq,IRQ,2020,556646
Iraq,IRQ,2021,404795
Iraq,IRQ,2022,302593
Iraq,IRQ,2023,254596
Iraq,IRQ,2024,55088
Ireland,IRL,2012,3106
Ireland,IRL,2013,6974
Ireland,IRL,2014,1078
Ireland,IRL,2015,17250
Ireland,IRL,2016,2564
Ireland,IRL,2017,9511
Ireland,IRL,2018,4305
Ireland,IRL,2019,3096
Ireland,IRL,2020,3901
Ireland,IRL,2021,3717
Ireland,IRL,2022,3987
Ireland,IRL,2023,1332
Ireland,IRL,2024,0
Isle of Man,IMN,2012,0
Isle of Man,IMN,2013,0
Isle of Man,IMN,2014,0
Isle of Man,IMN,2015,0
Isle of Man,IMN,2016,0
Isle of Man,IMN,2017,0
Isle of Man,IMN,2018,0
Isle of Man,IMN,2019,0
Isle of Man,IMN,2020,0
Isle of Man,IMN,2021,0
Isle of Man,IMN,2022,0
Isle of Man,IMN,2023,0
Isle of Man,IMN,2024,0
Israel,ISR,2012,3452
Israel,ISR,2013,10488
Israel,ISR,2014,3293
Israel,ISR,2015,7352
Israel,ISR,2016,7518
Israel,ISR,2017,3094
Israel,ISR,2018,2929
Israel,ISR,2019,7568
Israel,ISR,2020,7260
Israel,ISR,2021,9915
Israel,ISR,2022,3864
Israel,ISR,2023,4276
Israel,ISR,2024,0
Italy,ITA,2012,283320
Italy,ITA,2013,92330
Italy,ITA,2014,106717
Italy,ITA,2015,107517
Italy,ITA,2016,116890
Italy,ITA,2017,342084
Italy,ITA,2018,61279
Italy,ITA,2019,115769
Italy,ITA,2020,108044
Italy,ITA,2021,247622
Italy,ITA,2022,136724
Italy,ITA,2023,172082
Italy,ITA,2024,1882
Jamaica,JAM,2012,6308
Jamaica,JAM,2013,9248
Jamaica,JAM,2014,10025
Jamaica,JAM,2015,17799
Jamaica,JAM,2016,2684
Jamaica,JAM,2017,9210
Jamaica,JAM,2018,8125
Jamaica,JAM,2019,7659
Jamaica,JAM,2020,9622
Jamaica,JAM,2021,4261
Jamaica,JAM,2022,4346
Jamaica,JAM,2023,12186
Jamaica,JAM,2024,5394
Japan,JPN,2012,4656
Japan,JPN,2013,8339
Japan,JPN,2014,16322
Japan,JPN,2015,16638
Japan,JPN,2016,7106
Japan,JPN,2017,4702
Japan,JPN,2018,17344
Japan,JPN,2019,12490
Japan,JPN,2020,16543
Japan,JPN,2021,6062
Japan,JPN,2022,18456
Japan,JPN,2023,8550
Japan,JPN,2024,4675
Jersey,JEY,2012,0
Jersey,JEY,2013,0
Jersey,JEY,2014,0
Jersey,JEY,2015,0
Jersey,JEY,2016,0
Jersey,JEY,2017,0
Jersey,JEY,2018,0
Jersey,JEY,2019,0
Jersey,JEY,2020,0
Jersey,JEY,2021,0
Jersey,JEY,2022,0
Jersey,JEY,2023,0
Jersey,JEY,2024,0
Jordan,JOR,2012,0
Jordan,JOR,2013,413
Jordan,JOR,2014,0
Jordan,JOR,2015,1333
Jordan,JOR,2016,296
Jordan,JOR,2017,692
Jordan,JOR,2018,175
Jordan,JOR,2019,366
Jordan,JOR,2020,1840
Jordan,JOR,2021,635
Jordan,JOR,2022,861
Jordan,JOR,2023,269
Jordan,JOR,2024,0
Kazakhstan,KAZ,2012,4038932
Kazakhstan,KAZ,2013,1049147
Kazakhstan,KAZ,2014,3005037
Kazakhstan,KAZ,2015,3342760
Kazakhstan,KAZ,2016,1494435
Kazakhstan,KAZ,2017,6238361
Kazakhstan,KAZ,2018,2322906
Kazakhstan,KAZ,2019,4126450
Kazakhstan,KAZ,2020,2554482
Kazakhstan,KAZ,2021,2313271
Kazakhstan,KAZ,2022,1488205
Kazakhstan,KAZ,2023,768747
Kazakhstan,KAZ,2024,76289
Kenya,KEN,2012,749386
Kenya,KEN,2013,384195
Kenya,KEN,2014,254513
Kenya,KEN,2015,366728
Kenya,KEN,2016,243690
Kenya,KEN,2017,161587
Kenya,KEN,2018,125244
Kenya,KEN,2019,334120
Kenya,KEN,2020,431060
Kenya,KEN,2021,373553
Kenya,KEN,2022,131839
Kenya,KEN,2023,131139
Kenya,KEN,2024,65944
Kiribati,KIR,2012,0
Kiribati,KIR,2013,0
Kiribati,KIR,2014,0
Kiribati,KIR,2015,0
Kiribati,KIR,2016,0
Kiribati,KIR,2017,0
Kiribati,KIR,2018,0
Kiribati,KIR,2019,0
Kiribati,KIR,2020,0
Kiribati,KIR,2021,0
Kiribati,KIR,2022,0
Kiribati,KIR,2023,0
Kiribati,KIR,2024,0
Kosovo,OWID_KOS,2012,39701
Kosovo,OWID_KOS,2013,7441
Kosovo,OWID_KOS,2014,3066
Kosovo,OWID_KOS,2015,8854
Kosovo,OWID_KOS,2016,2966
Kosovo,OWID_KOS,2017,13601
Kosovo,OWID_KOS,2018,4650
Kosovo,OWID_KOS,2019,22032
Kosovo,OWID_KOS,2020,14743
Kosovo,OWID_KOS,2021,8281
Kosovo,OWID_KOS,2022,6055
Kosovo,OWID_KOS,2023,3615
Kosovo,OWID_KOS,2024,2286
Kuwait,KWT,2012,945
Kuwait,KWT,2013,174
Kuwait,KWT,2014,1243
Kuwait,KWT,2015,884
Kuwait,KWT,2016,3190
Kuwait,KWT,2017,1064
Kuwait,KWT,2018,623
Kuwait,KWT,2019,2768
Kuwait,KWT,2020,1113
Kuwait,KWT,2021,600
Kuwait,KWT,2022,801
Kuwait,KWT,2023,0
Kuwait,KWT,2024,146
Kyrgyzstan,KGZ,2012,19067
Kyrgyzstan,KGZ,2013,12497
Kyrgyzstan,KGZ,2014,13299
Kyrgyzstan,KGZ,2015,6666
Kyrgyzstan,KGZ,2016,10077
Kyrgyzstan,KGZ,2017,13733
Kyrgyzstan,KGZ,2018,17416
Kyrgyzstan,KGZ,2019,14645
Kyrgyzstan,KGZ,2020,8440
Kyrgyzstan,KGZ,2021,7525
Kyrgyzstan,KGZ,2022,5218
Kyrgyzstan,KGZ,2023,2693
Kyrgyzstan,KGZ,2024,0
Laos,LAO,2012,3529319
Laos,LAO,2013,3637627
Laos,LAO,2014,3975853
Laos,LAO,2015,4192479
Laos,LAO,2016,4013761
Laos,LAO,2017,2741568
Laos,LAO,2018,2418990
Laos,LAO,2019,4427765
Laos,LAO,2020,4660381
Laos,LAO,2021,3151114
Laos,LAO,2022,3133171
Laos,LAO,2023,6615179
Laos,LAO,2024,2344419
Latvia,LVA,2012,416
Latvia,LVA,2013,156
Latvia,LVA,2014,1220
Latvia,LVA,2015,719
Latvia,LVA,2016,565
Latvia,LVA,2017,448
Latvia,LVA,2018,4594
Latvia,LVA,2019,1847
Latvia,LVA,2020,621
Latvia,LVA,2021,476
Latvia,LVA,2022,1009
Latvia,LVA,2023,338
Latvia,LVA,2024,157
Lebanon,LBN,2012,864
Lebanon,LBN,2013,4034
Lebanon,LBN,2014,439
Lebanon,LBN,2015,1162
Lebanon,LBN,2016,2919
Lebanon,LBN,2017,2152
Lebanon,LBN,2018,472
Lebanon,LBN,2019,2023
Lebanon,LBN,2020,5314
Lebanon,LBN,2021,6171
Lebanon,LBN,2022,1375
Lebanon,LBN,2023,2863
Lebanon,LBN,2024,0
Lesotho,LSO,2012,5774
Lesotho,LSO,2013,65427
Lesotho,LSO,2014,59946
Lesotho,LSO,2015,18651
Lesotho,LSO,2016,4629
Lesotho,LSO,2017,21834
Lesotho,LSO,2018,9258
Lesotho,LSO,2019,57494
Lesotho,LSO,2020,17122
Lesotho,LSO,2021,24880
Lesotho,LSO,2022,24395
Lesotho,LSO,2023,40850
Lesotho,LSO,2024,239
Liberia,LBR,2012,789713
Liberia,LBR,2013,415136
Liberia,LBR,2014,677051
Liberia,LBR,2015,1388390
Liberia,LBR,2016,635794
Liberia,LBR,2017,646102
Liberia,LBR,2018,367090
Liberia,LBR,2019,875698
Liberia,LBR,2020,545777
Liberia,LBR,2021,359443
Liberia,LBR,2022,607524
Liberia,LBR,2023,539318
Liberia,LBR,2024,339423
Libya,LBY,2012,4889
Libya,LBY,2013,5156
Libya,LBY,2014,3045
Libya,LBY,2015,4083
Libya,LBY,2016,2428
Libya,LBY,2017,4622
Libya,LBY,2018,5289
Libya,LBY,2019,4260
Libya,LBY,2020,7532
Libya,LBY,2021,3366
Libya,LBY,2022,4125
Libya,LBY,2023,2391
Libya,LBY,2024,112
Liechtenstein,LIE,2012,0
Liechtenstein,LIE,2013,0
Liechtenstein,LIE,2014,0
Liechtenstein,LIE,2015,0
Liechtenstein,LIE,2016,0
Liechtenstein,LIE,2017,0
Liechtenstein,LIE,2018,0
Liechtenstein,LIE,2019,0
Liechtenstein,LIE,2020,0
Liechtenstein,LIE,2021,0
Liechtenstein,LIE,2022,0
Liechtenstein,LIE,2023,0
Liechtenstein,LIE,2024,0
Lithuania,LTU,2012,1347
Lithuania,LTU,2013,679
Lithuania,LTU,2014,1282
Lithuania,LTU,2015,1134
Lithuania,LTU,2016,112
Lithuania,LTU,2017,382
Lithuania,LTU,2018,822
Lithuania,LTU,2019,1427
Lithuania,LTU,2020,646
Lithuania,LTU,2021,533
Lithuania,LTU,2022,119
Lithuania,LTU,2023,756
Lithuania,LTU,2024,0
Luxembourg,LUX,2012,0
Luxembourg,LUX,2013,0
Luxembourg,LUX,2014,0
Luxembourg,LUX,2015,0
Luxembourg,LUX,2016,0
Luxembourg,LUX,2017,0
Luxembourg,LUX,2018,0
Luxembourg,LUX,2019,0
Luxembourg,LUX,2020,0
Luxembourg,LUX,2021,0
Luxembourg,LUX,2022,0
Luxembourg,LUX,2023,0
Luxembourg,LUX,2024,0
Macao,MAC,2012,0
Macao,MAC,2013,0
Macao,MAC,2014,0
Macao,MAC,2015,0
Macao,MAC,2016,0
Macao,MAC,2017,0
Macao,MAC,2018,0
Macao,MAC,2019,0
Macao,MAC,2020,0
Macao,MAC,2021,0
Macao,MAC,2022,0
Macao,MAC,2023,0
Macao,MAC,2024,0
Madagascar,MDG,2012,4971685
Madagascar,MDG,2013,6242591
Madagascar,MDG,2014,4875394
Madagascar,MDG,2015,5009744
Madagascar,MDG,2016,6359745
Madagascar,MDG,2017,4728002
Madagascar,MDG,2018,5372383
Madagascar,MDG,2019,4523223
Madagascar,MDG,2020,5523363
Madagascar,MDG,2021,4463622
Madagascar,MDG,2022,4087376
Madagascar,MDG,2023,4090386
Madagascar,MDG,2024,12377
Malawi,MWI,2012,1204588
Malawi,MWI,2013,1080611
Malawi,MWI,2014,941733
Malawi,MWI,2015,976728
Malawi,MWI,2016,1073222
Malawi,MWI,2017,803434
Malawi,MWI,2018,930012
Malawi,MWI,2019,880030
Malawi,MWI,2020,916475
Malawi,MWI,2021,809451
Malawi,MWI,2022,719324
Malawi,MWI,2023,667763
Malawi,MWI,2024,1042
Malaysia,MYS,2012,263111
Malaysia,MYS,2013,216950
Malaysia,MYS,2014,452615
Malaysia,MYS,2015,287224
Malaysia,MYS,2016,316499
Malaysia,MYS,2017,44343
Malaysia,MYS,2018,125435
Malaysia,MYS,2019,197552
Malaysia,MYS,2020,68432
Malaysia,MYS,2021,46715
Malaysia,MYS,2022,23451
Malaysia,MYS,2023,41216
Malaysia,MYS,2024,47003
Maldives,MDV,2012,0
Maldives,MDV,2013,0
Maldives,MDV,2014,0
Maldives,MDV,2015,0
Maldives,MDV,2016,0
Maldives,MDV,2017,0
Maldives,MDV,2018,0
Maldives,MDV,2019,0
Maldives,MDV,2020,0
Maldives,MDV,2021,0
Maldives,MDV,2022,0
Maldives,MDV,2023,0
Maldives,MDV,2024,0
Mali,MLI,2012,2811034
Mali,MLI,2013,3804539
Mali,MLI,2014,3291185
Mali,MLI,2015,3009591
Mali,MLI,2016,3835633
Mali,MLI,2017,3813311
Mali,MLI,2018,1694418
Mali,MLI,2019,3104832
Mali,MLI,2020,3902854
Mali,MLI,2021,4092996
Mali,MLI,2022,3748363
Mali,MLI,2023,4027063
Mali,MLI,2024,1250199
Malta,MLT,2012,0
Malta,MLT,2013,0
Malta,MLT,2014,0
Malta,MLT,2015,0
Malta,MLT,2016,0
Malta,MLT,2017,0
Malta,MLT,2018,0
Malta,MLT,2019,0
Malta,MLT,2020,174
Malta,MLT,2021,0
Malta,MLT,2022,0
Malta,MLT,2023,0
Malta,MLT,2024,0
Marshall Islands,MHL,2012,0
Marshall Islands,MHL,2013,0
Marshall Islands,MHL,2014,0
Marshall Islands,MHL,2015,0
Marshall Islands,MHL,2016,0
Marshall Islands,MHL,2017,0
Marshall Islands,MHL,2018,0
Marshall Islands,MHL,2019,0
Marshall Islands,MHL,2020,0
Marshall Islands,MHL,2021,0
Marshall Islands,MHL,2022,0
Marshall Islands,MHL,2023,0
Marshall Islands,MHL,2024,0
Martinique,MTQ,2012,0
Martinique,MTQ,2013,0
Martinique,MTQ,2014,0
Martinique,MTQ,2015,0
Martinique,MTQ,2016,0
Martinique,MTQ,2017,0
Martinique,MTQ,2018,0
Martinique,MTQ,2019,181
Martinique,MTQ,2020,0
Martinique,MTQ,2021,384
Martinique,MTQ,2022,0
Martinique,MTQ,2023,0
Martinique,MTQ,2024,0
Mauritania,MRT,2012,90208
Mauritania,MRT,2013,87122
Mauritania,MRT,2014,28388
Mauritania,MRT,2015,16867
Mauritania,MRT,2016,60850
Mauritania,MRT,2017,38506
Mauritania,MRT,2018,12506
Mauritania,MRT,2019,41063
Mauritania,MRT,2020,53588
Mauritania,MRT,2021,106567
Mauritania,MRT,2022,72404
Mauritania,MRT,2023,118612
Mauritania,MRT,2024,32340
Mauritius,MUS,2012,796
Mauritius,MUS,2013,619
Mauritius,MUS,2014,1763
Mauritius,MUS,2015,0
Mauritius,MUS,2016,766
Mauritius,MUS,2017,720
Mauritius,MUS,2018,461
Mauritius,MUS,2019,732
Mauritius,MUS,2020,909
Mauritius,MUS,2021,197
Mauritius,MUS,2022,809
Mauritius,MUS,2023,0
Mauritius,MUS,2024,0
Mayotte,MYT,2012,0
Mayotte,MYT,2013,268
Mayotte,MYT,2014,0
Mayotte,MYT,2015,0
Mayotte,MYT,2016,169
Mayotte,MYT,2017,0
Mayotte,MYT,2018,0
Mayotte,MYT,2019,0
Mayotte,MYT,2020,0
Mayotte,MYT,2021,0
Mayotte,MYT,2022,0
Mayotte,MYT,2023,0
Mayotte,MYT,2024,0
Mexico,MEX,2012,4668263
Mexico,MEX,2013,5849811
Mexico,MEX,2014,2026653
Mexico,MEX,2015,3093930
Mexico,MEX,2016,4310462
Mexico,MEX,2017,6144331
Mexico,MEX,2018,3891019
Mexico,MEX,2019,6171806
Mexico,MEX,2020,4340281
Mexico,MEX,2021,4453151
Mexico,MEX,2022,4407418
Mexico,MEX,2023,5249632
Mexico,MEX,2024,1003630
Micronesia (country),FSM,2012,0
Micronesia (country),FSM,2013,0
Micronesia (country),FSM,2014,0
Micronesia (country),FSM,2015,0
Micronesia (country),FSM,2016,491
Micronesia (country),FSM,2017,0
Micronesia (country),FSM,2018,0
Micronesia (country),FSM,2019,0
Micronesia (country),FSM,2020,0
Micronesia (country),FSM,2021,0
Micronesia (country),FSM,2022,0
Micronesia (country),FSM,2023,0
Micronesia (country),FSM,2024,0
Moldova,MDA,2012,11873
Moldova,MDA,2013,27357
Moldova,MDA,2014,59731
Moldova,MDA,2015,34327
Moldova,MDA,2016,50827
Moldova,MDA,2017,29822
Moldova,MDA,2018,20241
Moldova,MDA,2019,12808
Moldova,MDA,2020,10661
Moldova,MDA,2021,19129
Moldova,MDA,2022,31745
Moldova,MDA,2023,6253
Moldova,MDA,2024,160
Monaco,MCO,2012,0
Monaco,MCO,2013,0
Monaco,MCO,2014,0
Monaco,MCO,2015,0
Monaco,MCO,2016,0
Monaco,MCO,2017,0
Monaco,MCO,2018,0
Monaco,MCO,2019,0
Monaco,MCO,2020,0
Monaco,MCO,2021,0
Monaco,MCO,2022,0
Monaco,MCO,2023,0
Monaco,MCO,2024,0
Mongolia,MNG,2012,836011
Mongolia,MNG,2013,217277
Mongolia,MNG,2014,360956
Mongolia,MNG,2015,897281
Mongolia,MNG,2016,169399
Mongolia,MNG,2017,274593
Mongolia,MNG,2018,58495
Mongolia,MNG,2019,91237
Mongolia,MNG,2020,22604
Mongolia,MNG,2021,29805
Mongolia,MNG,2022,190512
Mongolia,MNG,2023,217291
Mongolia,MNG,2024,938
Montenegro,MNE,2012,95984
Montenegro,MNE,2013,5598
Montenegro,MNE,2014,1694
Montenegro,MNE,2015,40421
Montenegro,MNE,2016,14368
Montenegro,MNE,2017,93965
Montenegro,MNE,2018,7195
Montenegro,MNE,2019,20336
Montenegro,MNE,2020,40176
Montenegro,MNE,2021,59666
Montenegro,MNE,2022,31873
Montenegro,MNE,2023,0
Montenegro,MNE,2024,1816
Montserrat,MSR,2012,0
Montserrat,MSR,2013,0
Montserrat,MSR,2014,0
Montserrat,MSR,2015,0
Montserrat,MSR,2016,0
Montserrat,MSR,2017,0
Montserrat,MSR,2018,0
Montserrat,MSR,2019,0
Montserrat,MSR,2020,301
Montserrat,MSR,2021,0
Montserrat,MSR,2022,0
Montserrat,MSR,2023,0
Montserrat,MSR,2024,0
Morocco,MAR,2012,23917
Morocco,MAR,2013,9685
Morocco,MAR,2014,8526
Morocco,MAR,2015,6259
Morocco,MAR,2016,14589
Morocco,MAR,2017,12247
Morocco,MAR,2018,10149
Morocco,MAR,2019,15552
Morocco,MAR,2020,17559
Morocco,MAR,2021,12907
Morocco,MAR,2022,45111
Morocco,MAR,2023,21269
Morocco,MAR,2024,268
Mozambique,MOZ,2012,19297128
Mozambique,MOZ,2013,19560360
Mozambique,MOZ,2014,20389876
Mozambique,MOZ,2015,19728372
Mozambique,MOZ,2016,17360342
Mozambique,MOZ,2017,17525736
Mozambique,MOZ,2018,18785848
Mozambique,MOZ,2019,19412400
Mozambique,MOZ,2020,17313180
Mozambique,MOZ,2021,18530560
Mozambique,MOZ,2022,16450878
Mozambique,MOZ,2023,16641451
Mozambique,MOZ,2024,56709
Myanmar,MMR,2012,7975921
Myanmar,MMR,2013,8107111
Myanmar,MMR,2014,8220071
Myanmar,MMR,2015,6902361
Myanmar,MMR,2016,6242887
Myanmar,MMR,2017,5405192
Myanmar,MMR,2018,3701037
Myanmar,MMR,2019,6940046
Myanmar,MMR,2020,8161084
Myanmar,MMR,2021,6988683
Myanmar,MMR,2022,4412337
Myanmar,MMR,2023,7955755
Myanmar,MMR,2024,4554982
Namibia,NAM,2012,5012176
Namibia,NAM,2013,2193209
Namibia,NAM,2014,1478703
Namibia,NAM,2015,1662736
Namibia,NAM,2016,1394799
Namibia,NAM,2017,1718928
Namibia,NAM,2018,1138630
Namibia,NAM,2019,693253
Namibia,NAM,2020,1927115
Namibia,NAM,2021,2145679
Namibia,NAM,2022,1641963
Namibia,NAM,2023,1698972
Namibia,NAM,2024,10932
Nauru,NRU,2012,0
Nauru,NRU,2013,0
Nauru,NRU,2014,0
Nauru,NRU,2015,0
Nauru,NRU,2016,0
Nauru,NRU,2017,0
Nauru,NRU,2018,0
Nauru,NRU,2019,0
Nauru,NRU,2020,0
Nauru,NRU,2021,0
Nauru,NRU,2022,0
Nauru,NRU,2023,0
Nauru,NRU,2024,0
Nepal,NPL,2012,649788
Nepal,NPL,2013,461357
Nepal,NPL,2014,737601
Nepal,NPL,2015,149740
Nepal,NPL,2016,1442485
Nepal,NPL,2017,381442
Nepal,NPL,2018,419088
Nepal,NPL,2019,712024
Nepal,NPL,2020,158307
Nepal,NPL,2021,1374837
Nepal,NPL,2022,412052
Nepal,NPL,2023,633389
Nepal,NPL,2024,104612
Netherlands,NLD,2012,0
Netherlands,NLD,2013,591
Netherlands,NLD,2014,1091
Netherlands,NLD,2015,278
Netherlands,NLD,2016,0
Netherlands,NLD,2017,0
Netherlands,NLD,2018,549
Netherlands,NLD,2019,429
Netherlands,NLD,2020,1307
Netherlands,NLD,2021,105
Netherlands,NLD,2022,525
Netherlands,NLD,2023,696
Netherlands,NLD,2024,0
New Caledonia,NCL,2012,2194
New Caledonia,NCL,2013,11816
New Caledonia,NCL,2014,20840
New Caledonia,NCL,2015,15692
New Caledonia,NCL,2016,22994
New Caledonia,NCL,2017,49250
New Caledonia,NCL,2018,8728
New Caledonia,NCL,2019,56209
New Caledonia,NCL,2020,8734
New Caledonia,NCL,2021,22333
New Caledonia,NCL,2022,4489
New Caledonia,NCL,2023,26516
New Caledonia,NCL,2024,1903
New Zealand,NZL,2012,39433
New Zealand,NZL,2013,45858
New Zealand,NZL,2014,48595
New Zealand,NZL,2015,47822
New Zealand,NZL,2016,36327
New Zealand,NZL,2017,32815
New Zealand,NZL,2018,26427
New Zealand,NZL,2019,50593
New Zealand,NZL,2020,37965
New Zealand,NZL,2021,35746
New Zealand,NZL,2022,32355
New Zealand,NZL,2023,21784
New Zealand,NZL,2024,8972
Nicaragua,NIC,2012,237899
Nicaragua,NIC,2013,586614
Nicaragua,NIC,2014,556111
Nicaragua,NIC,2015,343173
Nicaragua,NIC,2016,577757
Nicaragua,NIC,2017,258616
Nicaragua,NIC,2018,439224
Nicaragua,NIC,2019,595279
Nicaragua,NIC,2020,619465
Nicaragua,NIC,2021,224886
Nicaragua,NIC,2022,286244
Nicaragua,NIC,2023,1037100
Nicaragua,NIC,2024,287792
Niger,NER,2012,149667
Niger,NER,2013,126194
Niger,NER,2014,117482
Niger,NER,2015,102651
Niger,NER,2016,178585
Niger,NER,2017,145679
Niger,NER,2018,107511
Niger,NER,2019,158665
Niger,NER,2020,176902
Niger,NER,2021,295252
Niger,NER,2022,228014
Niger,NER,2023,196872
Niger,NER,2024,29083
Nigeria,NGA,2012,3876771
Nigeria,NGA,2013,5314566
Nigeria,NGA,2014,5643045
Nigeria,NGA,2015,6452305
Nigeria,NGA,2016,7609752
Nigeria,NGA,2017,6985382
Nigeria,NGA,2018,4980880
Nigeria,NGA,2019,5840063
Nigeria,NGA,2020,6917765
Nigeria,NGA,2021,7495098
Nigeria,NGA,2022,7259397
Nigeria,NGA,2023,6177687
Nigeria,NGA,2024,4394296
Niue,NIU,2012,0
Niue,NIU,2013,0
Niue,NIU,2014,0
Niue,NIU,2015,0
Niue,NIU,2016,0
Niue,NIU,2017,0
Niue,NIU,2018,0
Niue,NIU,2019,0
Niue,NIU,2020,0
Niue,NIU,2021,0
Niue,NIU,2022,0
Niue,NIU,2023,0
Niue,NIU,2024,0
Norfolk Island,NFK,2012,0
Norfolk Island,NFK,2013,0
Norfolk Island,NFK,2014,0
Norfolk Island,NFK,2015,0
Norfolk Island,NFK,2016,0
Norfolk Island,NFK,2017,0
Norfolk Island,NFK,2018,0
Norfolk Island,NFK,2019,0
Norfolk Island,NFK,2020,0
Norfolk Island,NFK,2021,0
Norfolk Island,NFK,2022,0
Norfolk Island,NFK,2023,0
Norfolk Island,NFK,2024,0
North America,,2012,14634928
North America,,2013,17939512
North America,,2014,13668997
North America,,2015,16780156
North America,,2016,14413411
North America,,2017,19467296
North America,,2018,14416869
North America,,2019,16741884
North America,,2020,16633357
North America,,2021,17490876
North America,,2022,14720168
North America,,2023,29715396
North America,,2024,4048747
North Korea,PRK,2012,58369
North Korea,PRK,2013,54590
North Korea,PRK,2014,399092
North Korea,PRK,2015,162598
North Korea,PRK,2016,24767
North Korea,PRK,2017,66097
North Korea,PRK,2018,43611
North Korea,PRK,2019,91543
North Korea,PRK,2020,26704
North Korea,PRK,2021,6045
North Korea,PRK,2022,17074
North Korea,PRK,2023,8607
North Korea,PRK,2024,5005
North Macedonia,MKD,2012,52713
North Macedonia,MKD,2013,22124
North Macedonia,MKD,2014,9135
North Macedonia,MKD,2015,24341
North Macedonia,MKD,2016,13032
North Macedonia,MKD,2017,49852
North Macedonia,MKD,2018,16342
North Macedonia,MKD,2019,54665
North Macedonia,MKD,2020,9691
North Macedonia,MKD,2021,26774
North Macedonia,MKD,2022,10812
North Macedonia,MKD,2023,21922
North Macedonia,MKD,2024,4202
Northern Cyprus,OWID_CYN,2012,1971
Northern Cyprus,OWID_CYN,2013,317
Northern Cyprus,OWID_CYN,2014,150
Northern Cyprus,OWID_CYN,2015,0
Northern Cyprus,OWID_CYN,2016,0
Northern Cyprus,OWID_CYN,2017,370
Northern Cyprus,OWID_CYN,2018,11
Northern Cyprus,OWID_CYN,2019,0
Northern Cyprus,OWID_CYN,2020,1315
Northern Cyprus,OWID_CYN,2021,336
Northern Cyprus,OWID_CYN,2022,2747
Northern Cyprus,OWID_CYN,2023,172
Northern Cyprus,OWID_CYN,2024,0
Northern Mariana Islands,MNP,2012,587
Northern Mariana Islands,MNP,2013,557
Northern Mariana Islands,MNP,2014,0
Northern Mariana Islands,MNP,2015,0
Northern Mariana Islands,MNP,2016,834
Northern Mariana Islands,MNP,2017,355
Northern Mariana Islands,MNP,2018,658
Northern Mariana Islands,MNP,2019,1136
Northern Mariana Islands,MNP,2020,354
Northern Mariana Islands,MNP,2021,518
Northern Mariana Islands,MNP,2022,0
Northern Mariana Islands,MNP,2023,202
Northern Mariana Islands,MNP,2024,446
Norway,NOR,2012,510
Norway,NOR,2013,1275
Norway,NOR,2014,1762
Norway,NOR,2015,373
Norway,NOR,2016,235
Norway,NOR,2017,772
Norway,NOR,2018,1279
Norway,NOR,2019,2383
Norway,NOR,2020,639
Norway,NOR,2021,431
Norway,NOR,2022,798
Norway,NOR,2023,401
Norway,NOR,2024,195
Oceania,,2012,65788950
Oceania,,2013,26738200
Oceania,,2014,36737828
Oceania,,2015,36287890
Oceania,,2016,23255782
Oceania,,2017,38543350
Oceania,,2018,37604000
Oceania,,2019,37020530
Oceania,,2020,19024048
Oceania,,2021,25369232
Oceania,,2022,26892060
Oceania,,2023,55094220
Oceania,,2024,2067260
Oman,OMN,2012,742
Oman,OMN,2013,240
Oman,OMN,2014,504
Oman,OMN,2015,552
Oman,OMN,2016,599
Oman,OMN,2017,1239
Oman,OMN,2018,384
Oman,OMN,2019,635
Oman,OMN,2020,1012
Oman,OMN,2021,3940
Oman,OMN,2022,1509
Oman,OMN,2023,0
Oman,OMN,2024,0
Pakistan,PAK,2012,302085
Pakistan,PAK,2013,188623
Pakistan,PAK,2014,225518
Pakistan,PAK,2015,150217
Pakistan,PAK,2016,363260
Pakistan,PAK,2017,309860
Pakistan,PAK,2018,297192
Pakistan,PAK,2019,201111
Pakistan,PAK,2020,202146
Pakistan,PAK,2021,367014
Pakistan,PAK,2022,365702
Pakistan,PAK,2023,138927
Pakistan,PAK,2024,58827
Palau,PLW,2012,0
Palau,PLW,2013,170
Palau,PLW,2014,0
Palau,PLW,2015,0
Palau,PLW,2016,0
Palau,PLW,2017,0
Palau,PLW,2018,173
Palau,PLW,2019,0
Palau,PLW,2020,188
Palau,PLW,2021,0
Palau,PLW,2022,0
Palau,PLW,2023,0
Palau,PLW,2024,0
Palestine,PSE,2012,97
Palestine,PSE,2013,1753
Palestine,PSE,2014,3
Palestine,PSE,2015,3003
Palestine,PSE,2016,3075
Palestine,PSE,2017,237
Palestine,PSE,2018,0
Palestine,PSE,2019,2399
Palestine,PSE,2020,3817
Palestine,PSE,2021,3355
Palestine,PSE,2022,694
Palestine,PSE,2023,789
Palestine,PSE,2024,0
Panama,PAN,2012,113384
Panama,PAN,2013,98662
Panama,PAN,2014,119218
Panama,PAN,2015,188309
Panama,PAN,2016,231304
Panama,PAN,2017,91784
Panama,PAN,2018,58699
Panama,PAN,2019,265611
Panama,PAN,2020,156566
Panama,PAN,2021,69998
Panama,PAN,2022,75215
Panama,PAN,2023,164830
Panama,PAN,2024,83599
Papua New Guinea,PNG,2012,400087
Papua New Guinea,PNG,2013,378294
Papua New Guinea,PNG,2014,622042
Papua New Guinea,PNG,2015,2162647
Papua New Guinea,PNG,2016,292083
Papua New Guinea,PNG,2017,403761
Papua New Guinea,PNG,2018,792659
Papua New Guinea,PNG,2019,484450
Papua New Guinea,PNG,2020,259237
Papua New Guinea,PNG,2021,309580
Papua New Guinea,PNG,2022,485245
Papua New Guinea,PNG,2023,651051
Papua New Guinea,PNG,2024,8514
Paraguay,PRY,2012,2525905
Paraguay,PRY,2013,3943815
Paraguay,PRY,2014,2306132
Paraguay,PRY,2015,2128328
Paraguay,PRY,2016,3011839
Paraguay,PRY,2017,3898053
Paraguay,PRY,2018,2160008
Paraguay,PRY,2019,3377998
Paraguay,PRY,2020,5997364
Paraguay,PRY,2021,3793390
Paraguay,PRY,2022,2846655
Paraguay,PRY,2023,2746824
Paraguay,PRY,2024,624049
Peru,PER,2012,1193932
Peru,PER,2013,818529
Peru,PER,2014,657758
Peru,PER,2015,908480
Peru,PER,2016,1281856
Peru,PER,2017,637791
Peru,PER,2018,800115
Peru,PER,2019,1125897
Peru,PER,2020,1252817
Peru,PER,2021,823466
Peru,PER,2022,1282746
Peru,PER,2023,624877
Peru,PER,2024,16144
Philippines,PHL,2012,136299
Philippines,PHL,2013,184861
Philippines,PHL,2014,275981
Philippines,PHL,2015,414670
Philippines,PHL,2016,470691
Philippines,PHL,2017,170199
Philippines,PHL,2018,175310
Philippines,PHL,2019,422242
Philippines,PHL,2020,331058
Philippines,PHL,2021,140525
Philippines,PHL,2022,120517
Philippines,PHL,2023,203575
Philippines,PHL,2024,233169
Pitcairn,PCN,2012,0
Pitcairn,PCN,2013,0
Pitcairn,PCN,2014,0
Pitcairn,PCN,2015,0
Pitcairn,PCN,2016,0
Pitcairn,PCN,2017,0
Pitcairn,PCN,2018,0
Pitcairn,PCN,2019,0
Pitcairn,PCN,2020,0
Pitcairn,PCN,2021,0
Pitcairn,PCN,2022,0
Pitcairn,PCN,2023,0
Pitcairn,PCN,2024,0
Poland,POL,2012,5752
Poland,POL,2013,1260
Poland,POL,2014,4671
Poland,POL,2015,6567
Poland,POL,2016,3204
Poland,POL,2017,1067
Poland,POL,2018,3880
Poland,POL,2019,5121
Poland,POL,2020,9956
Poland,POL,2021,1387
Poland,POL,2022,3864
Poland,POL,2023,1143
Poland,POL,2024,0
Portugal,PRT,2012,141178
Portugal,PRT,2013,185526
Portugal,PRT,2014,23412
Portugal,PRT,2015,80261
Portugal,PRT,2016,208257
Portugal,PRT,2017,350671
Portugal,PRT,2018,44335
Portugal,PRT,2019,48929
Portugal,PRT,2020,60485
Portugal,PRT,2021,36951
Portugal,PRT,2022,94198
Portugal,PRT,2023,39285
Portugal,PRT,2024,2334
Puerto Rico,PRI,2012,1994
Puerto Rico,PRI,2013,3639
Puerto Rico,PRI,2014,1955
Puerto Rico,PRI,2015,1528
Puerto Rico,PRI,2016,1329
Puerto Rico,PRI,2017,1028
Puerto Rico,PRI,2018,1509
Puerto Rico,PRI,2019,2517
Puerto Rico,PRI,2020,0
Puerto Rico,PRI,2021,827
Puerto Rico,PRI,2022,1377
Puerto Rico,PRI,2023,663
Puerto Rico,PRI,2024,380
Qatar,QAT,2012,942
Qatar,QAT,2013,1212
Qatar,QAT,2014,2159
Qatar,QAT,2015,1989
Qatar,QAT,2016,2469
Qatar,QAT,2017,1454
Qatar,QAT,2018,1083
Qatar,QAT,2019,2061
Qatar,QAT,2020,333
Qatar,QAT,2021,0
Qatar,QAT,2022,0
Qatar,QAT,2023,0
Qatar,QAT,2024,0
Reunion,REU,2012,0
Reunion,REU,2013,288
Reunion,REU,2014,833
Reunion,REU,2015,10602
Reunion,REU,2016,3832
Reunion,REU,2017,9659
Reunion,REU,2018,7237
Reunion,REU,2019,10326
Reunion,REU,2020,8561
Reunion,REU,2021,10546
Reunion,REU,2022,11016
Reunion,REU,2023,3638
Reunion,REU,2024,0
Romania,ROU,2012,329681
Romania,ROU,2013,168690
Romania,ROU,2014,168259
Romania,ROU,2015,153282
Romania,ROU,2016,224103
Romania,ROU,2017,193848
Romania,ROU,2018,166671
Romania,ROU,2019,246463
Romania,ROU,2020,199056
Romania,ROU,2021,148439
Romania,ROU,2022,212618
Romania,ROU,2023,40379
Romania,ROU,2024,19053
Russia,RUS,2012,25226848
Russia,RUS,2013,10342552
Russia,RUS,2014,19727104
Russia,RUS,2015,14158067
Russia,RUS,2016,15385533
Russia,RUS,2017,11419954
Russia,RUS,2018,14276583
Russia,RUS,2019,16182166
Russia,RUS,2020,16400821
Russia,RUS,2021,17344448
Russia,RUS,2022,10548458
Russia,RUS,2023,10324628
Russia,RUS,2024,624361
Rwanda,RWA,2012,22757
Rwanda,RWA,2013,47891
Rwanda,RWA,2014,16952
Rwanda,RWA,2015,46333
Rwanda,RWA,2016,42346
Rwanda,RWA,2017,23372
Rwanda,RWA,2018,16667
Rwanda,RWA,2019,25665
Rwanda,RWA,2020,24122
Rwanda,RWA,2021,19681
Rwanda,RWA,2022,24313
Rwanda,RWA,2023,13423
Rwanda,RWA,2024,0
Saint Barthelemy,BLM,2012,0
Saint Barthelemy,BLM,2013,0
Saint Barthelemy,BLM,2014,0
Saint Barthelemy,BLM,2015,0
Saint Barthelemy,BLM,2016,0
Saint Barthelemy,BLM,2017,0
Saint Barthelemy,BLM,2018,0
Saint Barthelemy,BLM,2019,0
Saint Barthelemy,BLM,2020,0
Saint Barthelemy,BLM,2021,0
Saint Barthelemy,BLM,2022,0
Saint Barthelemy,BLM,2023,0
Saint Barthelemy,BLM,2024,0
Saint Helena,SHN,2012,0
Saint Helena,SHN,2013,0
Saint Helena,SHN,2014,0
Saint Helena,SHN,2015,0
Saint Helena,SHN,2016,0
Saint Helena,SHN,2017,0
Saint Helena,SHN,2018,0
Saint Helena,SHN,2019,0
Saint Helena,SHN,2020,0
Saint Helena,SHN,2021,0
Saint Helena,SHN,2022,0
Saint Helena,SHN,2023,0
Saint Helena,SHN,2024,0
Saint Kitts and Nevis,KNA,2012,0
Saint Kitts and Nevis,KNA,2013,202
Saint Kitts and Nevis,KNA,2014,580
Saint Kitts and Nevis,KNA,2015,200
Saint Kitts and Nevis,KNA,2016,0
Saint Kitts and Nevis,KNA,2017,315
Saint Kitts and Nevis,KNA,2018,516
Saint Kitts and Nevis,KNA,2019,585
Saint Kitts and Nevis,KNA,2020,170
Saint Kitts and Nevis,KNA,2021,0
Saint Kitts and Nevis,KNA,2022,513
Saint Kitts and Nevis,KNA,2023,0
Saint Kitts and Nevis,KNA,2024,0
Saint Lucia,LCA,2012,0
Saint Lucia,LCA,2013,0
Saint Lucia,LCA,2014,0
Saint Lucia,LCA,2015,235
Saint Lucia,LCA,2016,0
Saint Lucia,LCA,2017,0
Saint Lucia,LCA,2018,0
Saint Lucia,LCA,2019,0
Saint Lucia,LCA,2020,177
Saint Lucia,LCA,2021,0
Saint Lucia,LCA,2022,0
Saint Lucia,LCA,2023,0
Saint Lucia,LCA,2024,0
Saint Martin (French part),MAF,2012,0
Saint Martin (French part),MAF,2013,0
Saint Martin (French part),MAF,2014,0
Saint Martin (French part),MAF,2015,0
Saint Martin (French part),MAF,2016,0
Saint Martin (French part),MAF,2017,0
Saint Martin (French part),MAF,2018,0
Saint Martin (French part),MAF,2019,0
Saint Martin (French part),MAF,2020,0
Saint Martin (French part),MAF,2021,0
Saint Martin (French part),MAF,2022,0
Saint Martin (French part),MAF,2023,0
Saint Martin (French part),MAF,2024,0
Saint Pierre and Miquelon,SPM,2012,0
Saint Pierre and Miquelon,SPM,2013,0
Saint Pierre and Miquelon,SPM,2014,0
Saint Pierre and Miquelon,SPM,2015,0
Saint Pierre and Miquelon,SPM,2016,0
Saint Pierre and Miquelon,SPM,2017,0
Saint Pierre and Miquelon,SPM,2018,0
Saint Pierre and Miquelon,SPM,2019,0
Saint Pierre and Miquelon,SPM,2020,0
Saint Pierre and Miquelon,SPM,2021,0
Saint Pierre and Miquelon,SPM,2022,0
Saint Pierre and Miquelon,SPM,2023,0
Saint Pierre and Miquelon,SPM,2024,0
Saint Vincent and the Grenadines,VCT,2012,0
Saint Vincent and the Grenadines,VCT,2013,0
Saint Vincent and the Grenadines,VCT,2014,0
Saint Vincent and the Grenadines,VCT,2015,0
Saint Vincent and the Grenadines,VCT,2016,0
Saint Vincent and the Grenadines,VCT,2017,0
Saint Vincent and the Grenadines,VCT,2018,0
Saint Vincent and the Grenadines,VCT,2019,0
Saint Vincent and the Grenadines,VCT,2020,245
Saint Vincent and the Grenadines,VCT,2021,1714
Saint Vincent and the Grenadines,VCT,2022,0
Saint Vincent and the Grenadines,VCT,2023,0
Saint Vincent and the Grenadines,VCT,2024,0
Samoa,WSM,2012,0
Samoa,WSM,2013,0
Samoa,WSM,2014,0
Samoa,WSM,2015,0
Samoa,WSM,2016,0
Samoa,WSM,2017,0
Samoa,WSM,2018,0
Samoa,WSM,2019,0
Samoa,WSM,2020,0
Samoa,WSM,2021,0
Samoa,WSM,2022,0
Samoa,WSM,2023,0
Samoa,WSM,2024,0
San Marino,SMR,2012,0
San Marino,SMR,2013,0
San Marino,SMR,2014,0
San Marino,SMR,2015,0
San Marino,SMR,2016,0
San Marino,SMR,2017,0
San Marino,SMR,2018,0
San Marino,SMR,2019,0
San Marino,SMR,2020,0
San Marino,SMR,2021,0
San Marino,SMR,2022,0
San Marino,SMR,2023,0
San Marino,SMR,2024,0
Sao Tome and Principe,STP,2012,738
Sao Tome and Principe,STP,2013,0
Sao Tome and Principe,STP,2014,0
Sao Tome and Principe,STP,2015,0
Sao Tome and Principe,STP,2016,0
Sao Tome and Principe,STP,2017,0
Sao Tome and Principe,STP,2018,0
Sao Tome and Principe,STP,2019,561
Sao Tome and Principe,STP,2020,675
Sao Tome and Principe,STP,2021,0
Sao Tome and Principe,STP,2022,0
Sao Tome and Principe,STP,2023,0
Sao Tome and Principe,STP,2024,0
Saudi Arabia,SAU,2012,8456
Saudi Arabia,SAU,2013,10061
Saudi Arabia,SAU,2014,9953
Saudi Arabia,SAU,2015,8891
Saudi Arabia,SAU,2016,7813
Saudi Arabia,SAU,2017,7374
Saudi Arabia,SAU,2018,6026
Saudi Arabia,SAU,2019,7893
Saudi Arabia,SAU,2020,7012
Saudi Arabia,SAU,2021,10275
Saudi Arabia,SAU,2022,9913
Saudi Arabia,SAU,2023,7503
Saudi Arabia,SAU,2024,1495
Senegal,SEN,2012,1635322
Senegal,SEN,2013,2159334
Senegal,SEN,2014,2105341
Senegal,SEN,2015,1443884
Senegal,SEN,2016,2348057
Senegal,SEN,2017,2495739
Senegal,SEN,2018,1163784
Senegal,SEN,2019,2044422
Senegal,SEN,2020,2558083
Senegal,SEN,2021,2587962
Senegal,SEN,2022,2863450
Senegal,SEN,2023,2937665
Senegal,SEN,2024,986851
Serbia,SRB,2012,135301
Serbia,SRB,2013,55136
Serbia,SRB,2014,10870
Serbia,SRB,2015,32300
Serbia,SRB,2016,21082
Serbia,SRB,2017,68697
Serbia,SRB,2018,255834
Serbia,SRB,2019,171753
Serbia,SRB,2020,28824
Serbia,SRB,2021,34886
Serbia,SRB,2022,26587
Serbia,SRB,2023,31211
Serbia,SRB,2024,7988
Seychelles,SYC,2012,0
Seychelles,SYC,2013,0
Seychelles,SYC,2014,0
Seychelles,SYC,2015,0
Seychelles,SYC,2016,0
Seychelles,SYC,2017,0
Seychelles,SYC,2018,0
Seychelles,SYC,2019,0
Seychelles,SYC,2020,0
Seychelles,SYC,2021,0
Seychelles,SYC,2022,0
Seychelles,SYC,2023,0
Seychelles,SYC,2024,0
Sierra Leone,SLE,2012,2689348
Sierra Leone,SLE,2013,2354470
Sierra Leone,SLE,2014,3132985
Sierra Leone,SLE,2015,3331133
Sierra Leone,SLE,2016,2119691
Sierra Leone,SLE,2017,2070634
Sierra Leone,SLE,2018,1504571
Sierra Leone,SLE,2019,2120476
Sierra Leone,SLE,2020,1967039
Sierra Leone,SLE,2021,1347749
Sierra Leone,SLE,2022,2118091
Sierra Leone,SLE,2023,2004802
Sierra Leone,SLE,2024,1064425
Singapore,SGP,2012,0
Singapore,SGP,2013,0
Singapore,SGP,2014,0
Singapore,SGP,2015,0
Singapore,SGP,2016,0
Singapore,SGP,2017,0
Singapore,SGP,2018,0
Singapore,SGP,2019,0
Singapore,SGP,2020,0
Singapore,SGP,2021,0
Singapore,SGP,2022,0
Singapore,SGP,2023,0
Singapore,SGP,2024,0
Sint Maarten (Dutch part),SXM,2012,0
Sint Maarten (Dutch part),SXM,2013,0
Sint Maarten (Dutch part),SXM,2014,0
Sint Maarten (Dutch part),SXM,2015,0
Sint Maarten (Dutch part),SXM,2016,0
Sint Maarten (Dutch part),SXM,2017,0
Sint Maarten (Dutch part),SXM,2018,0
Sint Maarten (Dutch part),SXM,2019,0
Sint Maarten (Dutch part),SXM,2020,0
Sint Maarten (Dutch part),SXM,2021,0
Sint Maarten (Dutch part),SXM,2022,0
Sint Maarten (Dutch part),SXM,2023,0
Sint Maarten (Dutch part),SXM,2024,0
Slovakia,SVK,2012,2633
Slovakia,SVK,2013,948
Slovakia,SVK,2014,1379
Slovakia,SVK,2015,962
Slovakia,SVK,2016,439
Slovakia,SVK,2017,655
Slovakia,SVK,2018,791
Slovakia,SVK,2019,285
Slovakia,SVK,2020,652
Slovakia,SVK,2021,0
Slovakia,SVK,2022,1418
Slovakia,SVK,2023,125
Slovakia,SVK,2024,0
Slovenia,SVN,2012,464
Slovenia,SVN,2013,170
Slovenia,SVN,2014,0
Slovenia,SVN,2015,0
Slovenia,SVN,2016,956
Slovenia,SVN,2017,935
Slovenia,SVN,2018,0
Slovenia,SVN,2019,163
Slovenia,SVN,2020,0
Slovenia,SVN,2021,0
Slovenia,SVN,2022,1894
Slovenia,SVN,2023,77
Slovenia,SVN,2024,0
Solomon Islands,SLB,2012,6250
Solomon Islands,SLB,2013,135
Solomon Islands,SLB,2014,391
Solomon Islands,SLB,2015,2067
Solomon Islands,SLB,2016,616
Solomon Islands,SLB,2017,357
Solomon Islands,SLB,2018,569
Solomon Islands,SLB,2019,2896
Solomon Islands,SLB,2020,2398
Solomon Islands,SLB,2021,1894
Solomon Islands,SLB,2022,3878
Solomon Islands,SLB,2023,2536
Solomon Islands,SLB,2024,563
Somalia,SOM,2012,84558
Somalia,SOM,2013,75445
Somalia,SOM,2014,53178
Somalia,SOM,2015,9374
Somalia,SOM,2016,27258
Somalia,SOM,2017,8641
Somalia,SOM,2018,5338
Somalia,SOM,2019,19419
Somalia,SOM,2020,15796
Somalia,SOM,2021,23113
Somalia,SOM,2022,10442
Somalia,SOM,2023,8291
Somalia,SOM,2024,6432
South Africa,ZAF,2012,3929256
South Africa,ZAF,2013,4260444
South Africa,ZAF,2014,4065682
South Africa,ZAF,2015,2862932
South Africa,ZAF,2016,2092167
South Africa,ZAF,2017,3411785
South Africa,ZAF,2018,2832919
South Africa,ZAF,2019,3316273
South Africa,ZAF,2020,3106020
South Africa,ZAF,2021,4118039
South Africa,ZAF,2022,3397666
South Africa,ZAF,2023,3888128
South Africa,ZAF,2024,266205
South America,,2012,55511892
South America,,2013,37751870
South America,,2014,44582372
South America,,2015,57823016
South America,,2016,53665470
South America,,2017,57406384
South America,,2018,36395360
South America,,2019,60135748
South America,,2020,74289336
South America,,2021,49963344
South America,,2022,59605836
South America,,2023,50424484
South America,,2024,13466971
South Georgia and the South Sandwich Islands,SGS,2012,0
South Georgia and the South Sandwich Islands,SGS,2013,0
South Georgia and the South Sandwich Islands,SGS,2014,0
South Georgia and the South Sandwich Islands,SGS,2015,0
South Georgia and the South Sandwich Islands,SGS,2016,0
South Georgia and the South Sandwich Islands,SGS,2017,0
South Georgia and the South Sandwich Islands,SGS,2018,0
South Georgia and the South Sandwich Islands,SGS,2019,0
South Georgia and the South Sandwich Islands,SGS,2020,0
South Georgia and the South Sandwich Islands,SGS,2021,0
South Georgia and the South Sandwich Islands,SGS,2022,0
South Georgia and the South Sandwich Islands,SGS,2023,0
South Georgia and the South Sandwich Islands,SGS,2024,0
South Korea,KOR,2012,1089
South Korea,KOR,2013,3773
South Korea,KOR,2014,7548
South Korea,KOR,2015,7050
South Korea,KOR,2016,3943
South Korea,KOR,2017,8583
South Korea,KOR,2018,3378
South Korea,KOR,2019,6606
South Korea,KOR,2020,7869
South Korea,KOR,2021,1476
South Korea,KOR,2022,35502
South Korea,KOR,2023,5361
South Korea,KOR,2024,0
South Sudan,SSD,2012,18942084
South Sudan,SSD,2013,21998008
South Sudan,SSD,2014,23132828
South Sudan,SSD,2015,26441272
South Sudan,SSD,2016,26093934
South Sudan,SSD,2017,22291762
South Sudan,SSD,2018,13742708
South Sudan,SSD,2019,15810928
South Sudan,SSD,2020,23057318
South Sudan,SSD,2021,23172716
South Sudan,SSD,2022,17021824
South Sudan,SSD,2023,17906736
South Sudan,SSD,2024,11296138
Spain,ESP,2012,294295
Spain,ESP,2013,98506
Spain,ESP,2014,85901
Spain,ESP,2015,145270
Spain,ESP,2016,116749
Spain,ESP,2017,238754
Spain,ESP,2018,45336
Spain,ESP,2019,142738
Spain,ESP,2020,105354
Spain,ESP,2021,127533
Spain,ESP,2022,349290
Spain,ESP,2023,140658
Spain,ESP,2024,13682
Sri Lanka,LKA,2012,88177
Sri Lanka,LKA,2013,76388
Sri Lanka,LKA,2014,71129
Sri Lanka,LKA,2015,28739
Sri Lanka,LKA,2016,66389
Sri Lanka,LKA,2017,26127
Sri Lanka,LKA,2018,45105
Sri Lanka,LKA,2019,46993
Sri Lanka,LKA,2020,33378
Sri Lanka,LKA,2021,16699
Sri Lanka,LKA,2022,25775
Sri Lanka,LKA,2023,42241
Sri Lanka,LKA,2024,1169
Sudan,SDN,2012,4888105
Sudan,SDN,2013,4682640
Sudan,SDN,2014,4328677
Sudan,SDN,2015,4175983
Sudan,SDN,2016,4378597
Sudan,SDN,2017,4276807
Sudan,SDN,2018,2092258
Sudan,SDN,2019,4068866
Sudan,SDN,2020,4994049
Sudan,SDN,2021,5158743
Sudan,SDN,2022,3281740
Sudan,SDN,2023,4213525
Sudan,SDN,2024,1046506
Suriname,SUR,2012,57760
Suriname,SUR,2013,18695
Suriname,SUR,2014,36028
Suriname,SUR,2015,60190
Suriname,SUR,2016,53335
Suriname,SUR,2017,26967
Suriname,SUR,2018,41316
Suriname,SUR,2019,45509
Suriname,SUR,2020,43041
Suriname,SUR,2021,14222
Suriname,SUR,2022,12179
Suriname,SUR,2023,112048
Suriname,SUR,2024,124514
Svalbard and Jan Mayen,SJM,2012,0
Svalbard and Jan Mayen,SJM,2013,0
Svalbard and Jan Mayen,SJM,2014,0
Svalbard and Jan Mayen,SJM,2015,0
Svalbard and Jan Mayen,SJM,2016,0
Svalbard and Jan Mayen,SJM,2017,101
Svalbard and Jan Mayen,SJM,2018,0
Svalbard and Jan Mayen,SJM,2019,0
Svalbard and Jan Mayen,SJM,2020,0
Svalbard and Jan Mayen,SJM,2021,0
Svalbard and Jan Mayen,SJM,2022,0
Svalbard and Jan Mayen,SJM,2023,0
Svalbard and Jan Mayen,SJM,2024,0
Sweden,SWE,2012,1962
Sweden,SWE,2013,2832
Sweden,SWE,2014,20664
Sweden,SWE,2015,2926
Sweden,SWE,2016,1939
Sweden,SWE,2017,1809
Sweden,SWE,2018,33875
Sweden,SWE,2019,2555
Sweden,SWE,2020,16117
Sweden,SWE,2021,1828
Sweden,SWE,2022,1485
Sweden,SWE,2023,1087
Sweden,SWE,2024,0
Switzerland,CHE,2012,0
Switzerland,CHE,2013,0
Switzerland,CHE,2014,0
Switzerland,CHE,2015,162
Switzerland,CHE,2016,505
Switzerland,CHE,2017,271
Switzerland,CHE,2018,321
Switzerland,CHE,2019,13
Switzerland,CHE,2020,160
Switzerland,CHE,2021,100
Switzerland,CHE,2022,740
Switzerland,CHE,2023,380
Switzerland,CHE,2024,0
Syria,SYR,2012,70301
Syria,SYR,2013,96179
Syria,SYR,2014,34081
Syria,SYR,2015,105543
Syria,SYR,2016,58603
Syria,SYR,2017,44658
Syria,SYR,2018,36167
Syria,SYR,2019,360252
Syria,SYR,2020,224986
Syria,SYR,2021,40725
Syria,SYR,2022,29185
Syria,SYR,2023,49746
Syria,SYR,2024,2349
Taiwan,TWN,2012,302
Taiwan,TWN,2013,435
Taiwan,TWN,2014,1226
Taiwan,TWN,2015,2192
Taiwan,TWN,2016,365
Taiwan,TWN,2017,352
Taiwan,TWN,2018,995
Taiwan,TWN,2019,1302
Taiwan,TWN,2020,1326
Taiwan,TWN,2021,2015
Taiwan,TWN,2022,392
Taiwan,TWN,2023,2381
Taiwan,TWN,2024,166
Tajikistan,TJK,2012,2714
Tajikistan,TJK,2013,13927
Tajikistan,TJK,2014,8477
Tajikistan,TJK,2015,3426
Tajikistan,TJK,2016,6433
Tajikistan,TJK,2017,4043
Tajikistan,TJK,2018,1997
Tajikistan,TJK,2019,3383
Tajikistan,TJK,2020,5581
Tajikistan,TJK,2021,4004
Tajikistan,TJK,2022,3323
Tajikistan,TJK,2023,2174
Tajikistan,TJK,2024,579
Tanzania,TZA,2012,11710437
Tanzania,TZA,2013,10908788
Tanzania,TZA,2014,9286701
Tanzania,TZA,2015,11567992
Tanzania,TZA,2016,11838102
Tanzania,TZA,2017,9014308
Tanzania,TZA,2018,8274157
Tanzania,TZA,2019,9145594
Tanzania,TZA,2020,10216640
Tanzania,TZA,2021,9751665
Tanzania,TZA,2022,7567253
Tanzania,TZA,2023,6537329
Tanzania,TZA,2024,27505
Thailand,THA,2012,2423234
Thailand,THA,2013,2622618
Thailand,THA,2014,2782429
Thailand,THA,2015,2550109
Thailand,THA,2016,3713222
Thailand,THA,2017,1866243
Thailand,THA,2018,1020420
Thailand,THA,2019,3927593
Thailand,THA,2020,3927651
Thailand,THA,2021,1653040
Thailand,THA,2022,465609
Thailand,THA,2023,2876295
Thailand,THA,2024,1568600
Togo,TGO,2012,649554
Togo,TGO,2013,961233
Togo,TGO,2014,755941
Togo,TGO,2015,1036754
Togo,TGO,2016,818319
Togo,TGO,2017,798848
Togo,TGO,2018,444550
Togo,TGO,2019,637167
Togo,TGO,2020,758559
Togo,TGO,2021,589576
Togo,TGO,2022,683997
Togo,TGO,2023,404277
Togo,TGO,2024,318834
Tokelau,TKL,2012,0
Tokelau,TKL,2013,0
Tokelau,TKL,2014,0
Tokelau,TKL,2015,0
Tokelau,TKL,2016,0
Tokelau,TKL,2017,0
Tokelau,TKL,2018,0
Tokelau,TKL,2019,0
Tokelau,TKL,2020,0
Tokelau,TKL,2021,0
Tokelau,TKL,2022,0
Tokelau,TKL,2023,0
Tokelau,TKL,2024,0
Tonga,TON,2012,0
Tonga,TON,2013,0
Tonga,TON,2014,0
Tonga,TON,2015,0
Tonga,TON,2016,0
Tonga,TON,2017,0
Tonga,TON,2018,0
Tonga,TON,2019,0
Tonga,TON,2020,0
Tonga,TON,2021,0
Tonga,TON,2022,0
Tonga,TON,2023,0
Tonga,TON,2024,0
Trinidad and Tobago,TTO,2012,707
Trinidad and Tobago,TTO,2013,2320
Trinidad and Tobago,TTO,2014,5495
Trinidad and Tobago,TTO,2015,1579
Trinidad and Tobago,TTO,2016,9973
Trinidad and Tobago,TTO,2017,3427
Trinidad and Tobago,TTO,2018,1679
Trinidad and Tobago,TTO,2019,3607
Trinidad and Tobago,TTO,2020,8161
Trinidad and Tobago,TTO,2021,156
Trinidad and Tobago,TTO,2022,804
Trinidad and Tobago,TTO,2023,4004
Trinidad and Tobago,TTO,2024,7152
Tunisia,TUN,2012,19613
Tunisia,TUN,2013,28104
Tunisia,TUN,2014,31126
Tunisia,TUN,2015,17608
Tunisia,TUN,2016,13573
Tunisia,TUN,2017,38463
Tunisia,TUN,2018,4114
Tunisia,TUN,2019,15523
Tunisia,TUN,2020,27362
Tunisia,TUN,2021,41255
Tunisia,TUN,2022,22004
Tunisia,TUN,2023,10730
Tunisia,TUN,2024,0
Turkey,TUR,2012,292067
Turkey,TUR,2013,552479
Turkey,TUR,2014,280495
Turkey,TUR,2015,933410
Turkey,TUR,2016,686270
Turkey,TUR,2017,397693
Turkey,TUR,2018,318886
Turkey,TUR,2019,313626
Turkey,TUR,2020,395765
Turkey,TUR,2021,398090
Turkey,TUR,2022,142151
Turkey,TUR,2023,237795
Turkey,TUR,2024,9449
Turkmenistan,TKM,2012,56587
Turkmenistan,TKM,2013,81413
Turkmenistan,TKM,2014,85264
Turkmenistan,TKM,2015,98830
Turkmenistan,TKM,2016,140940
Turkmenistan,TKM,2017,88862
Turkmenistan,TKM,2018,66699
Turkmenistan,TKM,2019,189081
Turkmenistan,TKM,2020,139585
Turkmenistan,TKM,2021,88816
Turkmenistan,TKM,2022,64074
Turkmenistan,TKM,2023,24364
Turkmenistan,TKM,2024,4787
Turks and Caicos Islands,TCA,2012,0
Turks and Caicos Islands,TCA,2013,0
Turks and Caicos Islands,TCA,2014,0
Turks and Caicos Islands,TCA,2015,0
Turks and Caicos Islands,TCA,2016,0
Turks and Caicos Islands,TCA,2017,0
Turks and Caicos Islands,TCA,2018,380
Turks and Caicos Islands,TCA,2019,0
Turks and Caicos Islands,TCA,2020,239
Turks and Caicos Islands,TCA,2021,0
Turks and Caicos Islands,TCA,2022,0
Turks and Caicos Islands,TCA,2023,102
Turks and Caicos Islands,TCA,2024,0
Tuvalu,TUV,2012,0
Tuvalu,TUV,2013,0
Tuvalu,TUV,2014,0
Tuvalu,TUV,2015,0
Tuvalu,TUV,2016,0
Tuvalu,TUV,2017,0
Tuvalu,TUV,2018,0
Tuvalu,TUV,2019,0
Tuvalu,TUV,2020,0
Tuvalu,TUV,2021,0
Tuvalu,TUV,2022,0
Tuvalu,TUV,2023,0
Tuvalu,TUV,2024,0
Uganda,UGA,2012,2256473
Uganda,UGA,2013,2745101
Uganda,UGA,2014,1872551
Uganda,UGA,2015,2566297
Uganda,UGA,2016,3063452
Uganda,UGA,2017,2437840
Uganda,UGA,2018,1391334
Uganda,UGA,2019,1297606
Uganda,UGA,2020,1989324
Uganda,UGA,2021,2025293
Uganda,UGA,2022,1169744
Uganda,UGA,2023,1355226
Uganda,UGA,2024,526878
Ukraine,UKR,2012,602427
Ukraine,UKR,2013,497448
Ukraine,UKR,2014,2220204
Ukraine,UKR,2015,2073143
Ukraine,UKR,2016,1111447
Ukraine,UKR,2017,1604514
Ukraine,UKR,2018,751298
Ukraine,UKR,2019,1071184
Ukraine,UKR,2020,1103696
Ukraine,UKR,2021,342302
Ukraine,UKR,2022,706964
Ukraine,UKR,2023,443762
Ukraine,UKR,2024,106328
United Arab Emirates,ARE,2012,146
United Arab Emirates,ARE,2013,0
United Arab Emirates,ARE,2014,116
United Arab Emirates,ARE,2015,1055
United Arab Emirates,ARE,2016,116
United Arab Emirates,ARE,2017,232
United Arab Emirates,ARE,2018,137
United Arab Emirates,ARE,2019,24
United Arab Emirates,ARE,2020,525
United Arab Emirates,ARE,2021,0
United Arab Emirates,ARE,2022,323
United Arab Emirates,ARE,2023,0
United Arab Emirates,ARE,2024,239
United Kingdom,GBR,2012,13971
United Kingdom,GBR,2013,11263
United Kingdom,GBR,2014,5415
United Kingdom,GBR,2015,10005
United Kingdom,GBR,2016,5909
United Kingdom,GBR,2017,13617
United Kingdom,GBR,2018,19999
United Kingdom,GBR,2019,28100
United Kingdom,GBR,2020,13753
United Kingdom,GBR,2021,5169
United Kingdom,GBR,2022,23215
United Kingdom,GBR,2023,10100
United Kingdom,GBR,2024,436
United States,USA,2012,6001286
United States,USA,2013,4542483
United States,USA,2014,4692830
United States,USA,2015,6611853
United States,USA,2016,5607746
United States,USA,2017,6893415
United States,USA,2018,5613224
United States,USA,2019,5052271
United States,USA,2020,7305050
United States,USA,2021,6825104
United States,USA,2022,6562804
United States,USA,2023,4503223
United States,USA,2024,1656150
United States Minor Outlying Islands,UMI,2012,175
United States Minor Outlying Islands,UMI,2013,0
United States Minor Outlying Islands,UMI,2014,0
United States Minor Outlying Islands,UMI,2015,0
United States Minor Outlying Islands,UMI,2016,0
United States Minor Outlying Islands,UMI,2017,0
United States Minor Outlying Islands,UMI,2018,0
United States Minor Outlying Islands,UMI,2019,0
United States Minor Outlying Islands,UMI,2020,0
United States Minor Outlying Islands,UMI,2021,0
United States Minor Outlying Islands,UMI,2022,0
United States Minor Outlying Islands,UMI,2023,0
United States Minor Outlying Islands,UMI,2024,0
United States Virgin Islands,VIR,2012,0
United States Virgin Islands,VIR,2013,0
United States Virgin Islands,VIR,2014,0
United States Virgin Islands,VIR,2015,0
United States Virgin Islands,VIR,2016,0
United States Virgin Islands,VIR,2017,0
United States Virgin Islands,VIR,2018,186
United States Virgin Islands,VIR,2019,0
United States Virgin Islands,VIR,2020,0
United States Virgin Islands,VIR,2021,0
United States Virgin Islands,VIR,2022,0
United States Virgin Islands,VIR,2023,0
United States Virgin Islands,VIR,2024,0
Uruguay,URY,2012,43329
Uruguay,URY,2013,34163
Uruguay,URY,2014,18293
Uruguay,URY,2015,70310
Uruguay,URY,2016,20893
Uruguay,URY,2017,20774
Uruguay,URY,2018,29245
Uruguay,URY,2019,30866
Uruguay,URY,2020,76411
Uruguay,URY,2021,54723
Uruguay,URY,2022,38610
Uruguay,URY,2023,32692
Uruguay,URY,2024,608
Uzbekistan,UZB,2012,113874
Uzbekistan,UZB,2013,123891
Uzbekistan,UZB,2014,141332
Uzbekistan,UZB,2015,91821
Uzbekistan,UZB,2016,89560
Uzbekistan,UZB,2017,101449
Uzbekistan,UZB,2018,110829
Uzbekistan,UZB,2019,100518
Uzbekistan,UZB,2020,104089
Uzbekistan,UZB,2021,143145
Uzbekistan,UZB,2022,80734
Uzbekistan,UZB,2023,61844
Uzbekistan,UZB,2024,5021
Vanuatu,VUT,2012,24288
Vanuatu,VUT,2013,31294
Vanuatu,VUT,2014,31815
Vanuatu,VUT,2015,40758
Vanuatu,VUT,2016,32230
Vanuatu,VUT,2017,34176
Vanuatu,VUT,2018,32541
Vanuatu,VUT,2019,11820
Vanuatu,VUT,2020,10819
Vanuatu,VUT,2021,7793
Vanuatu,VUT,2022,8003
Vanuatu,VUT,2023,10011
Vanuatu,VUT,2024,1295
Vatican,VAT,2012,0
Vatican,VAT,2013,0
Vatican,VAT,2014,0
Vatican,VAT,2015,0
Vatican,VAT,2016,0
Vatican,VAT,2017,0
Vatican,VAT,2018,0
Vatican,VAT,2019,0
Vatican,VAT,2020,0
Vatican,VAT,2021,0
Vatican,VAT,2022,0
Vatican,VAT,2023,0
Vatican,VAT,2024,0
Venezuela,VEN,2012,2089475
Venezuela,VEN,2013,4505987
Venezuela,VEN,2014,4655187
Venezuela,VEN,2015,3752125
Venezuela,VEN,2016,4665281
Venezuela,VEN,2017,2888114
Venezuela,VEN,2018,3563811
Venezuela,VEN,2019,6221279
Venezuela,VEN,2020,8002733
Venezuela,VEN,2021,2702328
Venezuela,VEN,2022,4724351
Venezuela,VEN,2023,5400441
Venezuela,VEN,2024,7622761
Vietnam,VNM,2012,1242078
Vietnam,VNM,2013,1044074
Vietnam,VNM,2014,1500038
Vietnam,VNM,2015,1325691
Vietnam,VNM,2016,1268462
Vietnam,VNM,2017,499919
Vietnam,VNM,2018,470189
Vietnam,VNM,2019,848094
Vietnam,VNM,2020,884086
Vietnam,VNM,2021,544844
Vietnam,VNM,2022,346397
Vietnam,VNM,2023,573954
Vietnam,VNM,2024,345970
Wallis and Futuna,WLF,2012,0
Wallis and Futuna,WLF,2013,0
Wallis and Futuna,WLF,2014,0
Wallis and Futuna,WLF,2015,0
Wallis and Futuna,WLF,2016,0
Wallis and Futuna,WLF,2017,0
Wallis and Futuna,WLF,2018,0
Wallis and Futuna,WLF,2019,0
Wallis and Futuna,WLF,2020,0
Wallis and Futuna,WLF,2021,0
Wallis and Futuna,WLF,2022,0
Wallis and Futuna,WLF,2023,0
Wallis and Futuna,WLF,2024,0
Western Sahara,ESH,2012,0
Western Sahara,ESH,2013,0
Western Sahara,ESH,2014,0
Western Sahara,ESH,2015,0
Western Sahara,ESH,2016,0
Western Sahara,ESH,2017,0
Western Sahara,ESH,2018,145
Western Sahara,ESH,2019,0
Western Sahara,ESH,2020,262
Western Sahara,ESH,2021,0
Western Sahara,ESH,2022,0
Western Sahara,ESH,2023,0
Western Sahara,ESH,2024,0
World,OWID_WRL,2012,437670750
World,OWID_WRL,2013,387962430
World,OWID_WRL,2014,406300200
World,OWID_WRL,2015,443511650
World,OWID_WRL,2016,416143200
World,OWID_WRL,2017,411776500
World,OWID_WRL,2018,329695260
World,OWID_WRL,2019,407480030
World,OWID_WRL,2020,408747400
World,OWID_WRL,2021,384226340
World,OWID_WRL,2022,364051420
World,OWID_WRL,2023,399923200
World,OWID_WRL,2024,86047780
Yemen,YEM,2012,798
Yemen,YEM,2013,1164
Yemen,YEM,2014,1909
Yemen,YEM,2015,498
Yemen,YEM,2016,0
Yemen,YEM,2017,517
Yemen,YEM,2018,971
Yemen,YEM,2019,892
Yemen,YEM,2020,360
Yemen,YEM,2021,1732
Yemen,YEM,2022,1365
Yemen,YEM,2023,730
Yemen,YEM,2024,0
Zambia,ZMB,2012,23413762
Zambia,ZMB,2013,23450868
Zambia,ZMB,2014,21109304
Zambia,ZMB,2015,23737028
Zambia,ZMB,2016,23266800
Zambia,ZMB,2017,21293072
Zambia,ZMB,2018,20552240
Zambia,ZMB,2019,21792472
Zambia,ZMB,2020,19424936
Zambia,ZMB,2021,18246986
Zambia,ZMB,2022,20358664
Zambia,ZMB,2023,19000474
Zambia,ZMB,2024,120943
Zimbabwe,ZWE,2012,3271385
Zimbabwe,ZWE,2013,2564322
Zimbabwe,ZWE,2014,2863008
Zimbabwe,ZWE,2015,3196594
Zimbabwe,ZWE,2016,2179365
Zimbabwe,ZWE,2017,2445508
Zimbabwe,ZWE,2018,2710993
Zimbabwe,ZWE,2019,2757233
Zimbabwe,ZWE,2020,1221719
Zimbabwe,ZWE,2021,2113478
Zimbabwe,ZWE,2022,3018840
Zimbabwe,ZWE,2023,2385610
Zimbabwe,ZWE,2024,6684