Entity,Code,Year,Annual share of the total land area burnt by wildfires
Afghanistan,AFG,2012,0.015975859
Afghanistan,AFG,2013,0.009024906
Afghanistan,AFG,2014,0.007863861
Afghanistan,AFG,2015,0.006255552
Afghanistan,AFG,2016,0.014828601
Afghanistan,AFG,2017,0.023588518
Afghanistan,AFG,2018,0.0153555125
Afghanistan,AFG,2019,0.011792728
Afghanistan,AFG,2020,0.04541862
Afghanistan,AFG,2021,0.0259489
Afghanistan,AFG,2022,0.0029546916
Afghanistan,AFG,2023,0.003375915
Afghanistan,AFG,2024,0.0016098397
Africa,,2012,7.6593137
Africa,,2013,8.456222
Africa,,2014,7.922038
Africa,,2015,8.673921
Africa,,2016,8.820186
Africa,,2017,8.127977
Africa,,2018,6.5804296
Africa,,2019,7.6139474
Africa,,2020,8.014693
Africa,,2021,7.7658315
Africa,,2022,7.4106617
Africa,,2023,7.1825104
Africa,,2024,1.6777773
Albania,ALB,2012,6.150887
Albania,ALB,2013,0.372
Albania,ALB,2014,0.15158261
Albania,ALB,2015,0.8371131
Albania,ALB,2016,0.5003826
Albania,ALB,2017,3.5485218
Albania,ALB,2018,0.35791305
Albania,ALB,2019,1.1474087
Albania,ALB,2020,1.1858783
Albania,ALB,2021,1.7644174
Albania,ALB,2022,1.3075826
Albania,ALB,2023,0.42288697
Albania,ALB,2024,0.06532174
Algeria,DZA,2012,0.2649776
Algeria,DZA,2013,0.04963554
Algeria,DZA,2014,0.12492878
Algeria,DZA,2015,0.052001458
Algeria,DZA,2016,0.07164465
Algeria,DZA,2017,0.12041486
Algeria,DZA,2018,0.014396192
Algeria,DZA,2019,0.0674389
Algeria,DZA,2020,0.11531942
Algeria,DZA,2021,0.076116584
Algeria,DZA,2022,0.03989267
Algeria,DZA,2023,0.038145624
Algeria,DZA,2024,0.0017016964
American Samoa,ASM,2012,0
American Samoa,ASM,2013,0
American Samoa,ASM,2014,0
American Samoa,ASM,2015,0
American Samoa,ASM,2016,0
American Samoa,ASM,2017,0
American Samoa,ASM,2018,0
American Samoa,ASM,2019,0
American Samoa,ASM,2020,0
American Samoa,ASM,2021,0
American Samoa,ASM,2022,0
American Samoa,ASM,2023,0
American Samoa,ASM,2024,0
Andorra,AND,2012,0
Andorra,AND,2013,0
Andorra,AND,2014,0
Andorra,AND,2015,0
Andorra,AND,2016,0
Andorra,AND,2017,0
Andorra,AND,2018,0
Andorra,AND,2019,0
Andorra,AND,2020,0
Andorra,AND,2021,0
Andorra,AND,2022,0
Andorra,AND,2023,0
Andorra,AND,2024,0
Angola,AGO,2012,28.021635
Angola,AGO,2013,30.461601
Angola,AGO,2014,27.232965
Angola,AGO,2015,31.373358
Angola,AGO,2016,31.088936
Angola,AGO,2017,30.245945
Angola,AGO,2018,25.949734
Angola,AGO,2019,32.521572
Angola,AGO,2020,26.491856
Angola,AGO,2021,24.79773
Angola,AGO,2022,26.99685
Angola,AGO,2023,30.438517
Angola,AGO,2024,0.07073474
Anguilla,AIA,2012,0
Anguilla,AIA,2013,0
Anguilla,AIA,2014,0
Anguilla,AIA,2015,0
Anguilla,AIA,2016,0
Anguilla,AIA,2017,0
Anguilla,AIA,2018,0
Anguilla,AIA,2019,0
Anguilla,AIA,2020,0
Anguilla,AIA,2021,0
Anguilla,AIA,2022,0
Anguilla,AIA,2023,0
Anguilla,AIA,2024,0
Antigua and Barbuda,ATG,2012,0
Antigua and Barbuda,ATG,2013,0.5386364
Antigua and Barbuda,ATG,2014,0.43636364
Antigua and Barbuda,ATG,2015,0
Antigua and Barbuda,ATG,2016,0.3409091
Antigua and Barbuda,ATG,2017,0
Antigua and Barbuda,ATG,2018,0.84772724
Antigua and Barbuda,ATG,2019,0
Antigua and Barbuda,ATG,2020,0
Antigua and Barbuda,ATG,2021,0.4318182
Antigua and Barbuda,ATG,2022,0
Antigua and Barbuda,ATG,2023,0.26363638
Antigua and Barbuda,ATG,2024,0
Argentina,ARG,2012,1.4270662
Argentina,ARG,2013,1.6666638
Argentina,ARG,2014,0.88601136
Argentina,ARG,2015,1.0974925
Argentina,ARG,2016,1.4389635
Argentina,ARG,2017,1.5169224
Argentina,ARG,2018,1.2516426
Argentina,ARG,2019,1.1574742
Argentina,ARG,2020,3.494284
Argentina,ARG,2021,1.3966663
Argentina,ARG,2022,2.2358909
Argentina,ARG,2023,1.0126859
Argentina,ARG,2024,0.15255791
Armenia,ARM,2012,0.69310695
Armenia,ARM,2013,0.82780766
Armenia,ARM,2014,0.31139877
Armenia,ARM,2015,0.42572293
Armenia,ARM,2016,0.61687964
Armenia,ARM,2017,0.92932075
Armenia,ARM,2018,0.8867182
Armenia,ARM,2019,0.9264963
Armenia,ARM,2020,0.1311365
Armenia,ARM,2021,0.17794216
Armenia,ARM,2022,0.76960325
Armenia,ARM,2023,0.1891392
Armenia,ARM,2024,0.005817082
Aruba,ABW,2012,0
Aruba,ABW,2013,0
Aruba,ABW,2014,0
Aruba,ABW,2015,0
Aruba,ABW,2016,0
Aruba,ABW,2017,0
Aruba,ABW,2018,0
Aruba,ABW,2019,0
Aruba,ABW,2020,0
Aruba,ABW,2021,0
Aruba,ABW,2022,0
Aruba,ABW,2023,0
Aruba,ABW,2024,0
Asia,,2012,1.2798797
Asia,,2013,1.1535392
Asia,,2014,1.4974053
Asia,,2015,1.6196119
Asia,,2016,1.2276165
Asia,,2017,1.0759745
Asia,,2018,0.79529154
Asia,,2019,1.3640884
Asia,,2020,1.1523638
Asia,,2021,1.1477691
Asia,,2022,0.785012
Asia,,2023,1.0942924
Asia,,2024,0.458859
Australia,AUS,2012,8.43515
Australia,AUS,2013,3.3896594
Australia,AUS,2014,4.6395993
Australia,AUS,2015,4.387895
Australia,AUS,2016,2.9498265
Australia,AUS,2017,4.9055357
Australia,AUS,2018,4.7408767
Australia,AUS,2019,4.701817
Australia,AUS,2020,2.4135253
Australia,AUS,2021,3.224108
Australia,AUS,2022,3.4026647
Australia,AUS,2023,7.0214825
Australia,AUS,2024,0.26418406
Austria,AUT,2012,0.005817904
Austria,AUT,2013,0.005460246
Austria,AUT,2014,0.011516589
Austria,AUT,2015,0.006640517
Austria,AUT,2016,0
Austria,AUT,2017,0.010431693
Austria,AUT,2018,0.005126432
Austria,AUT,2019,0.017608698
Austria,AUT,2020,0
Austria,AUT,2021,0.008297666
Austria,AUT,2022,0.01719143
Austria,AUT,2023,0.004411116
Austria,AUT,2024,0.005960967
Azerbaijan,AZE,2012,0.90370667
Azerbaijan,AZE,2013,0.9184989
Azerbaijan,AZE,2014,0.586097
Azerbaijan,AZE,2015,2.6281292
Azerbaijan,AZE,2016,1.2326906
Azerbaijan,AZE,2017,1.2789376
Azerbaijan,AZE,2018,1.0123788
Azerbaijan,AZE,2019,2.1358776
Azerbaijan,AZE,2020,0.7034296
Azerbaijan,AZE,2021,0.9350231
Azerbaijan,AZE,2022,0.67981523
Azerbaijan,AZE,2023,0.16661663
Azerbaijan,AZE,2024,0.024064664
Bahamas,BHS,2012,1.5366715
Bahamas,BHS,2013,4.2504325
Bahamas,BHS,2014,1.2512248
Bahamas,BHS,2015,1.7556916
Bahamas,BHS,2016,2.65036
Bahamas,BHS,2017,5.1914268
Bahamas,BHS,2018,0.8512248
Bahamas,BHS,2019,1.9096541
Bahamas,BHS,2020,2.6017292
Bahamas,BHS,2021,1.8335735
Bahamas,BHS,2022,0.84070605
Bahamas,BHS,2023,1.2636167
Bahamas,BHS,2024,0.46671468
Bahrain,BHR,2012,0
Bahrain,BHR,2013,0
Bahrain,BHR,2014,0
Bahrain,BHR,2015,0
Bahrain,BHR,2016,0
Bahrain,BHR,2017,0
Bahrain,BHR,2018,0
Bahrain,BHR,2019,0
Bahrain,BHR,2020,0
Bahrain,BHR,2021,0
Bahrain,BHR,2022,0
Bahrain,BHR,2023,0
Bahrain,BHR,2024,0
Bangladesh,BGD,2012,2.199695
Bangladesh,BGD,2013,2.2392762
Bangladesh,BGD,2014,2.4321272
Bangladesh,BGD,2015,1.0797113
Bangladesh,BGD,2016,1.273477
Bangladesh,BGD,2017,1.0363286
Bangladesh,BGD,2018,1.5484854
Bangladesh,BGD,2019,1.9091008
Bangladesh,BGD,2020,1.9681033
Bangladesh,BGD,2021,1.9779968
Bangladesh,BGD,2022,1.0877143
Bangladesh,BGD,2023,1.9633394
Bangladesh,BGD,2024,0.43281832
Barbados,BRB,2012,0
Barbados,BRB,2013,0
Barbados,BRB,2014,0.6116279
Barbados,BRB,2015,0
Barbados,BRB,2016,0.4255814
Barbados,BRB,2017,0
Barbados,BRB,2018,0.43488374
Barbados,BRB,2019,0
Barbados,BRB,2020,0
Barbados,BRB,2021,0
Barbados,BRB,2022,0
Barbados,BRB,2023,0
Barbados,BRB,2024,0
Belarus,BLR,2012,0.22490488
Belarus,BLR,2013,0.092265084
Belarus,BLR,2014,0.57939124
Belarus,BLR,2015,0.84043735
Belarus,BLR,2016,0.09021336
Belarus,BLR,2017,0.14279728
Belarus,BLR,2018,0.13641573
Belarus,BLR,2019,0.4730193
Belarus,BLR,2020,0.36420074
Belarus,BLR,2021,0.10682945
Belarus,BLR,2022,0.12060877
Belarus,BLR,2023,0.0285845
Belarus,BLR,2024,0.005582045
Belgium,BEL,2012,0
Belgium,BEL,2013,0.010022929
Belgium,BEL,2014,0.024697019
Belgium,BEL,2015,0.00589584
Belgium,BEL,2016,0.015492957
Belgium,BEL,2017,0
Belgium,BEL,2018,0.009236816
Belgium,BEL,2019,0.024041926
Belgium,BEL,2020,0.004159843
Belgium,BEL,2021,0.034490664
Belgium,BEL,2022,0.018571896
Belgium,BEL,2023,0.018309858
Belgium,BEL,2024,0
Belize,BLZ,2012,3.168916
Belize,BLZ,2013,8.67057
Belize,BLZ,2014,4.357423
Belize,BLZ,2015,6.8918157
Belize,BLZ,2016,4.612625
Belize,BLZ,2017,5.032782
Belize,BLZ,2018,3.0150197
Belize,BLZ,2019,7.547714
Belize,BLZ,2020,5.3449283
Belize,BLZ,2021,3.6620376
Belize,BLZ,2022,3.7916849
Belize,BLZ,2023,8.158685
Belize,BLZ,2024,1.293644
Benin,BEN,2012,11.054078
Benin,BEN,2013,13.51084
Benin,BEN,2014,11.965912
Benin,BEN,2015,10.957146
Benin,BEN,2016,11.593718
Benin,BEN,2017,12.067794
Benin,BEN,2018,4.266321
Benin,BEN,2019,9.661337
Benin,BEN,2020,9.037112
Benin,BEN,2021,9.9387245
Benin,BEN,2022,8.136171
Benin,BEN,2023,6.405664
Benin,BEN,2024,3.1271958
Bermuda,BMU,2012,0
Bermuda,BMU,2013,0
Bermuda,BMU,2014,0
Bermuda,BMU,2015,0
Bermuda,BMU,2016,0
Bermuda,BMU,2017,0
Bermuda,BMU,2018,0
Bermuda,BMU,2019,0
Bermuda,BMU,2020,0
Bermuda,BMU,2021,0
Bermuda,BMU,2022,0
Bermuda,BMU,2023,0
Bermuda,BMU,2024,0
Bhutan,BTN,2012,1.042459
Bhutan,BTN,2013,0.39872363
Bhutan,BTN,2014,0.7894243
Bhutan,BTN,2015,0.64480335
Bhutan,BTN,2016,0.4608752
Bhutan,BTN,2017,0.47546235
Bhutan,BTN,2018,0.17827559
Bhutan,BTN,2019,0.22800209
Bhutan,BTN,2020,0.20992446
Bhutan,BTN,2021,0.4999479
Bhutan,BTN,2022,0.19979161
Bhutan,BTN,2023,0.4470956
Bhutan,BTN,2024,0.15295649
Bolivia,BOL,2012,3.8360538
Bolivia,BOL,2013,2.6989114
Bolivia,BOL,2014,2.2295873
Bolivia,BOL,2015,3.5171213
Bolivia,BOL,2016,6.0990906
Bolivia,BOL,2017,4.7314634
Bolivia,BOL,2018,4.1592393
Bolivia,BOL,2019,8.1271
Bolivia,BOL,2020,6.8911324
Bolivia,BOL,2021,6.7237325
Bolivia,BOL,2022,7.5323453
Bolivia,BOL,2023,7.199372
Bolivia,BOL,2024,0.32662982
Bonaire Sint Eustatius and Saba,BES,2012,0
Bonaire Sint Eustatius and Saba,BES,2013,0
Bonaire Sint Eustatius and Saba,BES,2014,0
Bonaire Sint Eustatius and Saba,BES,2015,0
Bonaire Sint Eustatius and Saba,BES,2016,0
Bonaire Sint Eustatius and Saba,BES,2017,0
Bonaire Sint Eustatius and Saba,BES,2018,0
Bonaire Sint Eustatius and Saba,BES,2019,0
Bonaire Sint Eustatius and Saba,BES,2020,0
Bonaire Sint Eustatius and Saba,BES,2021,0
Bonaire Sint Eustatius and Saba,BES,2022,0
Bonaire Sint Eustatius and Saba,BES,2023,0
Bonaire Sint Eustatius and Saba,BES,2024,0
Bosnia and Herzegovina,BIH,2012,4.110076
Bosnia and Herzegovina,BIH,2013,0.23692639
Bosnia and Herzegovina,BIH,2014,0.21739894
Bosnia and Herzegovina,BIH,2015,1.027436
Bosnia and Herzegovina,BIH,2016,0.89457136
Bosnia and Herzegovina,BIH,2017,2.612517
Bosnia and Herzegovina,BIH,2018,0.15852372
Bosnia and Herzegovina,BIH,2019,0.9360086
Bosnia and Herzegovina,BIH,2020,2.3287835
Bosnia and Herzegovina,BIH,2021,1.2696544
Bosnia and Herzegovina,BIH,2022,1.999629
Bosnia and Herzegovina,BIH,2023,0.11493849
Bosnia and Herzegovina,BIH,2024,0.18748291
Botswana,BWA,2012,3.6328247
Botswana,BWA,2013,3.1604662
Botswana,BWA,2014,1.914572
Botswana,BWA,2015,2.0053563
Botswana,BWA,2016,1.4067265
Botswana,BWA,2017,4.4381347
Botswana,BWA,2018,2.331635
Botswana,BWA,2019,1.487049
Botswana,BWA,2020,2.4808383
Botswana,BWA,2021,8.961388
Botswana,BWA,2022,6.538138
Botswana,BWA,2023,7.591768
Botswana,BWA,2024,0.15213588
Brazil,BRA,2012,4.5921793
Brazil,BRA,2013,2.1350148
Brazil,BRA,2014,3.359098
Brazil,BRA,2015,4.819495
Brazil,BRA,2016,3.52829
Brazil,BRA,2017,4.4152207
Brazil,BRA,2018,2.3399715
Brazil,BRA,2019,3.9874306
Brazil,BRA,2020,4.3867025
Brazil,BRA,2021,3.4173796
Brazil,BRA,2022,3.826975
Brazil,BRA,2023,3.2529917
Brazil,BRA,2024,0.23206028
British Virgin Islands,VGB,2012,0
British Virgin Islands,VGB,2013,0
British Virgin Islands,VGB,2014,0
British Virgin Islands,VGB,2015,0
British Virgin Islands,VGB,2016,0
British Virgin Islands,VGB,2017,0.92666674
British Virgin Islands,VGB,2018,1.9933335
British Virgin Islands,VGB,2019,0
British Virgin Islands,VGB,2020,1.1066667
British Virgin Islands,VGB,2021,0
British Virgin Islands,VGB,2022,0
British Virgin Islands,VGB,2023,0
British Virgin Islands,VGB,2024,0
Brunei,BRN,2012,0.17556326
Brunei,BRN,2013,0.068457544
Brunei,BRN,2014,0.20693241
Brunei,BRN,2015,0.6015598
Brunei,BRN,2016,0.92738307
Brunei,BRN,2017,0
Brunei,BRN,2018,0.06689774
Brunei,BRN,2019,0.2322357
Brunei,BRN,2020,0.337435
Brunei,BRN,2021,0.24176776
Brunei,BRN,2022,0.16135183
Brunei,BRN,2023,0.11802426
Brunei,BRN,2024,0.2336222
Bulgaria,BGR,2012,1.9784234
Bulgaria,BGR,2013,1.0464956
Bulgaria,BGR,2014,0.5529099
Bulgaria,BGR,2015,0.7006036
Bulgaria,BGR,2016,1.1936036
Bulgaria,BGR,2017,1.2657927
Bulgaria,BGR,2018,1.1235585
Bulgaria,BGR,2019,1.8368828
Bulgaria,BGR,2020,0.34654054
Bulgaria,BGR,2021,0.30236936
Bulgaria,BGR,2022,0.44007206
Bulgaria,BGR,2023,0.28122523
Bulgaria,BGR,2024,0.052567568
Burkina Faso,BFA,2012,4.1748705
Burkina Faso,BFA,2013,5.6522865
Burkina Faso,BFA,2014,4.7439246
Burkina Faso,BFA,2015,4.345496
Burkina Faso,BFA,2016,5.228878
Burkina Faso,BFA,2017,5.2776093
Burkina Faso,BFA,2018,1.5877799
Burkina Faso,BFA,2019,3.9467688
Burkina Faso,BFA,2020,4.302268
Burkina Faso,BFA,2021,5.286722
Burkina Faso,BFA,2022,3.6361825
Burkina Faso,BFA,2023,6.159682
Burkina Faso,BFA,2024,2.862034
Burundi,BDI,2012,2.0516708
Burundi,BDI,2013,3.4523895
Burundi,BDI,2014,1.9296802
Burundi,BDI,2015,4.368451
Burundi,BDI,2016,3.5311534
Burundi,BDI,2017,1.7291052
Burundi,BDI,2018,1.1742364
Burundi,BDI,2019,1.8756738
Burundi,BDI,2020,2.336615
Burundi,BDI,2021,1.3948976
Burundi,BDI,2022,1.5326985
Burundi,BDI,2023,1.2808839
Burundi,BDI,2024,0
Cambodia,KHM,2012,12.302364
Cambodia,KHM,2013,23.22441
Cambodia,KHM,2014,20.161219
Cambodia,KHM,2015,25.36456
Cambodia,KHM,2016,25.24251
Cambodia,KHM,2017,14.678722
Cambodia,KHM,2018,9.218128
Cambodia,KHM,2019,19.557335
Cambodia,KHM,2020,22.518173
Cambodia,KHM,2021,18.36852
Cambodia,KHM,2022,10.989682
Cambodia,KHM,2023,10.80169
Cambodia,KHM,2024,12.941344
Cameroon,CMR,2012,6.5557146
Cameroon,CMR,2013,6.996256
Cameroon,CMR,2014,6.965413
Cameroon,CMR,2015,6.919138
Cameroon,CMR,2016,8.306798
Cameroon,CMR,2017,8.417782
Cameroon,CMR,2018,4.523168
Cameroon,CMR,2019,7.120652
Cameroon,CMR,2020,9.232973
Cameroon,CMR,2021,8.990313
Cameroon,CMR,2022,7.6171675
Cameroon,CMR,2023,7.701561
Cameroon,CMR,2024,4.3047113
Canada,CAN,2012,0.13776062
Canada,CAN,2013,0.24864738
Canada,CAN,2014,0.28000858
Canada,CAN,2015,0.2613031
Canada,CAN,2016,0.09927947
Canada,CAN,2017,0.2586803
Canada,CAN,2018,0.18388094
Canada,CAN,2019,0.13430023
Canada,CAN,2020,0.03914276
Canada,CAN,2021,0.28584763
Canada,CAN,2022,0.111266874
Canada,CAN,2023,0.9756002
Canada,CAN,2024,0.0023454034
Cape Verde,CPV,2012,0.047642678
Cape Verde,CPV,2013,0
Cape Verde,CPV,2014,2.9330025
Cape Verde,CPV,2015,0.8962779
Cape Verde,CPV,2016,0
Cape Verde,CPV,2017,0
Cape Verde,CPV,2018,0.058560796
Cape Verde,CPV,2019,0
Cape Verde,CPV,2020,0
Cape Verde,CPV,2021,0
Cape Verde,CPV,2022,0.041935485
Cape Verde,CPV,2023,0.35955334
Cape Verde,CPV,2024,0
Cayman Islands,CYM,2012,0
Cayman Islands,CYM,2013,0
Cayman Islands,CYM,2014,0
Cayman Islands,CYM,2015,0
Cayman Islands,CYM,2016,0
Cayman Islands,CYM,2017,0
Cayman Islands,CYM,2018,0
Cayman Islands,CYM,2019,0
Cayman Islands,CYM,2020,0
Cayman Islands,CYM,2021,0
Cayman Islands,CYM,2022,0
Cayman Islands,CYM,2023,0.7234849
Cayman Islands,CYM,2024,0
Central African Republic,CAF,2012,18.908854
Central African Republic,CAF,2013,25.586102
Central African Republic,CAF,2014,28.238638
Central African Republic,CAF,2015,31.738329
Central African Republic,CAF,2016,34.746162
Central African Republic,CAF,2017,27.741503
Central African Republic,CAF,2018,22.757608
Central African Republic,CAF,2019,24.074743
Central African Republic,CAF,2020,29.591164
Central African Republic,CAF,2021,26.55284
Central African Republic,CAF,2022,26.755655
Central African Republic,CAF,2023,19.822338
Central African Republic,CAF,2024,14.670455
Chad,TCD,2012,4.8148685
Chad,TCD,2013,4.829117
Chad,TCD,2014,3.9795334
Chad,TCD,2015,4.073241
Chad,TCD,2016,5.3687186
Chad,TCD,2017,4.2617
Chad,TCD,2018,2.4216309
Chad,TCD,2019,3.8609393
Chad,TCD,2020,4.5320644
Chad,TCD,2021,4.9723225
Chad,TCD,2022,3.2061853
Chad,TCD,2023,3.6534643
Chad,TCD,2024,1.1550763
Chile,CHL,2012,0.36452228
Chile,CHL,2013,0.3839593
Chile,CHL,2014,0.43341482
Chile,CHL,2015,0.6770543
Chile,CHL,2016,0.450485
Chile,CHL,2017,1.189474
Chile,CHL,2018,0.3684406
Chile,CHL,2019,0.450748
Chile,CHL,2020,0.4665389
Chile,CHL,2021,0.39355093
Chile,CHL,2022,0.53674245
Chile,CHL,2023,0.9739448
Chile,CHL,2024,0.1455187
China,CHN,2012,0.26709735
China,CHN,2013,0.37108234
China,CHN,2014,0.5788364
China,CHN,2015,0.4932235
China,CHN,2016,0.28107062
China,CHN,2017,0.4000985
China,CHN,2018,0.15096931
China,CHN,2019,0.28034404
China,CHN,2020,0.31685847
China,CHN,2021,0.26841486
China,CHN,2022,0.26461756
China,CHN,2023,0.28205243
China,CHN,2024,0.08312125
Colombia,COL,2012,1.40018
Colombia,COL,2013,1.7607088
Colombia,COL,2014,2.4198632
Colombia,COL,2015,1.769433
Colombia,COL,2016,2.6119738
Colombia,COL,2017,1.5477569
Colombia,COL,2018,1.0684111
Colombia,COL,2019,2.154438
Colombia,COL,2020,2.982925
Colombia,COL,2021,1.4883786
Colombia,COL,2022,2.4984872
Colombia,COL,2023,1.6225365
Colombia,COL,2024,1.4608716
Comoros,COM,2012,0.82697475
Comoros,COM,2013,1.7737775
Comoros,COM,2014,1.164965
Comoros,COM,2015,3.3938742
Comoros,COM,2016,0.86136484
Comoros,COM,2017,1.4196669
Comoros,COM,2018,1.8919935
Comoros,COM,2019,2.9312198
Comoros,COM,2020,0.5534659
Comoros,COM,2021,1.5029554
Comoros,COM,2022,0.22138634
Comoros,COM,2023,0.47178936
Comoros,COM,2024,0
Congo,COG,2012,5.0967135
Congo,COG,2013,5.9030643
Congo,COG,2014,4.557696
Congo,COG,2015,5.345807
Congo,COG,2016,5.6125264
Congo,COG,2017,4.424529
Congo,COG,2018,5.027912
Congo,COG,2019,4.5944066
Congo,COG,2020,5.0879326
Congo,COG,2021,4.07214
Congo,COG,2022,5.308117
Congo,COG,2023,4.076503
Congo,COG,2024,0.6411111
Cook Islands,COK,2012,0
Cook Islands,COK,2013,0
Cook Islands,COK,2014,0
Cook Islands,COK,2015,0
Cook Islands,COK,2016,0
Cook Islands,COK,2017,0
Cook Islands,COK,2018,0
Cook Islands,COK,2019,0
Cook Islands,COK,2020,0
Cook Islands,COK,2021,0
Cook Islands,COK,2022,0
Cook Islands,COK,2023,0
Cook Islands,COK,2024,0
Costa Rica,CRI,2012,1.8237379
Costa Rica,CRI,2013,3.3974364
Costa Rica,CRI,2014,2.2305088
Costa Rica,CRI,2015,2.5503523
Costa Rica,CRI,2016,2.8619962
Costa Rica,CRI,2017,1.6040704
Costa Rica,CRI,2018,1.5850685
Costa Rica,CRI,2019,2.5070841
Costa Rica,CRI,2020,2.1868885
Costa Rica,CRI,2021,0.7762035
Costa Rica,CRI,2022,2.4868102
Costa Rica,CRI,2023,0.8987084
Costa Rica,CRI,2024,1.6490215
Cote d'Ivoire,CIV,2012,6.8097467
Cote d'Ivoire,CIV,2013,11.682038
Cote d'Ivoire,CIV,2014,7.5194006
Cote d'Ivoire,CIV,2015,8.166802
Cote d'Ivoire,CIV,2016,8.83896
Cote d'Ivoire,CIV,2017,6.5840664
Cote d'Ivoire,CIV,2018,4.2595425
Cote d'Ivoire,CIV,2019,5.2304068
Cote d'Ivoire,CIV,2020,6.517518
Cote d'Ivoire,CIV,2021,4.926422
Cote d'Ivoire,CIV,2022,5.3747816
Cote d'Ivoire,CIV,2023,3.7150717
Cote d'Ivoire,CIV,2024,3.0760653
Croatia,HRV,2012,0.71791756
Croatia,HRV,2013,0.055478595
Croatia,HRV,2014,0.056443736
Croatia,HRV,2015,0.20805041
Croatia,HRV,2016,0.18738504
Croatia,HRV,2017,0.99491316
Croatia,HRV,2018,0.07202226
Croatia,HRV,2019,0.24990349
Croatia,HRV,2020,0.24958555
Croatia,HRV,2021,0.11419326
Croatia,HRV,2022,0.4688089
Croatia,HRV,2023,0.026433518
Croatia,HRV,2024,0.025706824
Cuba,CUB,2012,3.1713598
Cuba,CUB,2013,3.8887968
Cuba,CUB,2014,2.636276
Cuba,CUB,2015,4.95273
Cuba,CUB,2016,2.3960776
Cuba,CUB,2017,4.7648706
Cuba,CUB,2018,1.5274026
Cuba,CUB,2019,2.6646252
Cuba,CUB,2020,7.2069893
Cuba,CUB,2021,4.737896
Cuba,CUB,2022,3.499363
Cuba,CUB,2023,7.1746087
Cuba,CUB,2024,2.7688842
Curacao,CUW,2012,1.0450451
Curacao,CUW,2013,0.25225225
Curacao,CUW,2014,0
Curacao,CUW,2015,0.38513514
Curacao,CUW,2016,0
Curacao,CUW,2017,0
Curacao,CUW,2018,0
Curacao,CUW,2019,0
Curacao,CUW,2020,0
Curacao,CUW,2021,0
Curacao,CUW,2022,0
Curacao,CUW,2023,0
Curacao,CUW,2024,0
Cyprus,CYP,2012,0.33913514
Cyprus,CYP,2013,0.34648648
Cyprus,CYP,2014,0.029297298
Cyprus,CYP,2015,0.22854054
Cyprus,CYP,2016,0.34151348
Cyprus,CYP,2017,0.06324324
Cyprus,CYP,2018,0.19708107
Cyprus,CYP,2019,0.101945944
Cyprus,CYP,2020,0.2517838
Cyprus,CYP,2021,0.34075677
Cyprus,CYP,2022,0.09005405
Cyprus,CYP,2023,0.10010811
Cyprus,CYP,2024,0
Czechia,CZE,2012,0.010650297
Czechia,CZE,2013,0.0022441698
Czechia,CZE,2014,0.012805714
Czechia,CZE,2015,0.005718195
Czechia,CZE,2016,0.0015214711
Czechia,CZE,2017,0.007810218
Czechia,CZE,2018,0.007239666
Czechia,CZE,2019,0.0022441698
Czechia,CZE,2020,0.025294455
Czechia,CZE,2021,0.005946416
Czechia,CZE,2022,0.0012678924
Czechia,CZE,2023,0.0035881358
Czechia,CZE,2024,0
Democratic Republic of Congo,COD,2012,16.433372
Democratic Republic of Congo,COD,2013,19.63366
Democratic Republic of Congo,COD,2014,17.749174
Democratic Republic of Congo,COD,2015,20.171743
Democratic Republic of Congo,COD,2016,21.595018
Democratic Republic of Congo,COD,2017,19.390938
Democratic Republic of Congo,COD,2018,17.992453
Democratic Republic of Congo,COD,2019,18.68082
Democratic Republic of Congo,COD,2020,20.121147
Democratic Republic of Congo,COD,2021,17.703875
Democratic Republic of Congo,COD,2022,18.835346
Democratic Republic of Congo,COD,2023,17.475685
Democratic Republic of Congo,COD,2024,2.2306786
Denmark,DNK,2012,0.012744642
Denmark,DNK,2013,0.0067334576
Denmark,DNK,2014,0.012185462
Denmark,DNK,2015,0.020153774
Denmark,DNK,2016,0.0018406337
Denmark,DNK,2017,0.015703635
Denmark,DNK,2018,0.02886766
Denmark,DNK,2019,0
Denmark,DNK,2020,0
Denmark,DNK,2021,0.015027959
Denmark,DNK,2022,0.036253493
Denmark,DNK,2023,0.022157501
Denmark,DNK,2024,0
Djibouti,DJI,2012,0
Djibouti,DJI,2013,0
Djibouti,DJI,2014,0
Djibouti,DJI,2015,0
Djibouti,DJI,2016,0.010344828
Djibouti,DJI,2017,0.008706897
Djibouti,DJI,2018,0.015991379
Djibouti,DJI,2019,0.014655173
Djibouti,DJI,2020,0.019827586
Djibouti,DJI,2021,0.005862069
Djibouti,DJI,2022,0
Djibouti,DJI,2023,0
Djibouti,DJI,2024,0
Dominica,DMA,2012,0
Dominica,DMA,2013,0
Dominica,DMA,2014,0
Dominica,DMA,2015,0
Dominica,DMA,2016,0
Dominica,DMA,2017,0.23733333
Dominica,DMA,2018,0
Dominica,DMA,2019,0.32933334
Dominica,DMA,2020,0.17466666
Dominica,DMA,2021,0.276
Dominica,DMA,2022,0
Dominica,DMA,2023,0.264
Dominica,DMA,2024,0.14533333
Dominican Republic,DOM,2012,0.4409378
Dominican Republic,DOM,2013,0.7631812
Dominican Republic,DOM,2014,0.48585084
Dominican Republic,DOM,2015,0.67377734
Dominican Republic,DOM,2016,0.20458418
Dominican Republic,DOM,2017,0.1558234
Dominican Republic,DOM,2018,0.25827554
Dominican Republic,DOM,2019,0.36795324
Dominican Republic,DOM,2020,0.3497701
Dominican Republic,DOM,2021,0.3791764
Dominican Republic,DOM,2022,0.36274347
Dominican Republic,DOM,2023,0.790095
Dominican Republic,DOM,2024,0.24970153
East Timor,TLS,2012,4.4071956
East Timor,TLS,2013,1.2087424
East Timor,TLS,2014,7.261937
East Timor,TLS,2015,3.6426363
East Timor,TLS,2016,0.47236043
East Timor,TLS,2017,3.9234028
East Timor,TLS,2018,6.327236
East Timor,TLS,2019,5.8133826
East Timor,TLS,2020,2.829119
East Timor,TLS,2021,0.80786824
East Timor,TLS,2022,0.40161398
East Timor,TLS,2023,4.6216545
East Timor,TLS,2024,0
Ecuador,ECU,2012,1.0602332
Ecuador,ECU,2013,0.90549594
Ecuador,ECU,2014,0.5980341
Ecuador,ECU,2015,0.6280337
Ecuador,ECU,2016,1.3124624
Ecuador,ECU,2017,0.52014667
Ecuador,ECU,2018,0.7110816
Ecuador,ECU,2019,0.9727776
Ecuador,ECU,2020,1.3043063
Ecuador,ECU,2021,0.6039942
Ecuador,ECU,2022,1.1862503
Ecuador,ECU,2023,0.4032102
Ecuador,ECU,2024,0.16347857
Egypt,EGY,2012,0.012298168
Egypt,EGY,2013,0.021450896
Egypt,EGY,2014,0.017340856
Egypt,EGY,2015,0.014611813
Egypt,EGY,2016,0.023734584
Egypt,EGY,2017,0.019740377
Egypt,EGY,2018,0.011311598
Egypt,EGY,2019,0.009103799
Egypt,EGY,2020,0.014431075
Egypt,EGY,2021,0.017147137
Egypt,EGY,2022,0.023341155
Egypt,EGY,2023,0.021355035
Egypt,EGY,2024,0.0029567129
El Salvador,SLV,2012,1.7538499
El Salvador,SLV,2013,6.005941
El Salvador,SLV,2014,2.6250474
El Salvador,SLV,2015,5.904658
El Salvador,SLV,2016,1.9569867
El Salvador,SLV,2017,6.0990496
El Salvador,SLV,2018,2.5393062
El Salvador,SLV,2019,4.3017583
El Salvador,SLV,2020,3.2395914
El Salvador,SLV,2021,1.0209125
El Salvador,SLV,2022,2.7139258
El Salvador,SLV,2023,1.528232
El Salvador,SLV,2024,0.8366445
Equatorial Guinea,GNQ,2012,0.049661316
Equatorial Guinea,GNQ,2013,0.13964349
Equatorial Guinea,GNQ,2014,0.17194296
Equatorial Guinea,GNQ,2015,0.31586453
Equatorial Guinea,GNQ,2016,0.093404636
Equatorial Guinea,GNQ,2017,0.0513369
Equatorial Guinea,GNQ,2018,0.056648843
Equatorial Guinea,GNQ,2019,0.119322635
Equatorial Guinea,GNQ,2020,0.1402139
Equatorial Guinea,GNQ,2021,0.121497326
Equatorial Guinea,GNQ,2022,0.11643494
Equatorial Guinea,GNQ,2023,0.14178254
Equatorial Guinea,GNQ,2024,0.12848485
Eritrea,ERI,2012,0.07167621
Eritrea,ERI,2013,0.08123797
Eritrea,ERI,2014,0.0751704
Eritrea,ERI,2015,0.06227888
Eritrea,ERI,2016,0.030757135
Eritrea,ERI,2017,0.021992872
Eritrea,ERI,2018,0.04272783
Eritrea,ERI,2019,0.17808059
Eritrea,ERI,2020,0.50007266
Eritrea,ERI,2021,0.24497181
Eritrea,ERI,2022,0.17911652
Eritrea,ERI,2023,0.15100676
Eritrea,ERI,2024,0.02148313
Estonia,EST,2012,0
Estonia,EST,2013,0.006528452
Estonia,EST,2014,0.005183061
Estonia,EST,2015,0.0046757828
Estonia,EST,2016,0.000088222325
Estonia,EST,2017,0
Estonia,EST,2018,0.02794442
Estonia,EST,2019,0.00028672256
Estonia,EST,2020,0
Estonia,EST,2021,0
Estonia,EST,2022,0.000088222325
Estonia,EST,2023,0.009594178
Estonia,EST,2024,0
Eswatini,SWZ,2012,8.748387
Eswatini,SWZ,2013,9.57333
Eswatini,SWZ,2014,10.81826
Eswatini,SWZ,2015,4.5534563
Eswatini,SWZ,2016,3.3465438
Eswatini,SWZ,2017,5.6697583
Eswatini,SWZ,2018,4.3422236
Eswatini,SWZ,2019,12.759504
Eswatini,SWZ,2020,4.8887095
Eswatini,SWZ,2021,6.8953342
Eswatini,SWZ,2022,4.252362
Eswatini,SWZ,2023,5.995449
Eswatini,SWZ,2024,0.1562788
Ethiopia,ETH,2012,5.2504635
Ethiopia,ETH,2013,6.1479
Ethiopia,ETH,2014,5.4048543
Ethiopia,ETH,2015,6.550088
Ethiopia,ETH,2016,6.147742
Ethiopia,ETH,2017,5.3917947
Ethiopia,ETH,2018,2.9830136
Ethiopia,ETH,2019,4.5978494
Ethiopia,ETH,2020,4.945596
Ethiopia,ETH,2021,5.718169
Ethiopia,ETH,2022,4.1064177
Ethiopia,ETH,2023,3.518978
Ethiopia,ETH,2024,2.108904
Europe,,2012,1.2015439
Europe,,2013,0.5030223
Europe,,2014,0.9726613
Europe,,2015,0.74058867
Europe,,2016,0.7527604
Europe,,2017,0.64293057
Europe,,2018,0.6814803
Europe,,2019,0.79738545
Europe,,2020,0.7896876
Europe,,2021,0.8028368
Europe,,2022,0.5391769
Europe,,2023,0.491874
Europe,,2024,0.0352483
Falkland Islands,FLK,2012,0.7754314
Falkland Islands,FLK,2013,0.12473296
Falkland Islands,FLK,2014,0.02136401
Falkland Islands,FLK,2015,0.13705835
Falkland Islands,FLK,2016,0.30780607
Falkland Islands,FLK,2017,0.16680363
Falkland Islands,FLK,2018,0.05891536
Falkland Islands,FLK,2019,0.011175021
Falkland Islands,FLK,2020,0.011668037
Falkland Islands,FLK,2021,0.11396878
Falkland Islands,FLK,2022,0.3462613
Falkland Islands,FLK,2023,0.08512737
Falkland Islands,FLK,2024,0.011010682
Faroe Islands,FRO,2012,0
Faroe Islands,FRO,2013,0
Faroe Islands,FRO,2014,0
Faroe Islands,FRO,2015,0
Faroe Islands,FRO,2016,0
Faroe Islands,FRO,2017,0
Faroe Islands,FRO,2018,0
Faroe Islands,FRO,2019,0
Faroe Islands,FRO,2020,0
Faroe Islands,FRO,2021,0
Faroe Islands,FRO,2022,0
Faroe Islands,FRO,2023,0
Faroe Islands,FRO,2024,0
Fiji,FJI,2012,0.92408323
Fiji,FJI,2013,1.6250137
Fiji,FJI,2014,5.2999454
Fiji,FJI,2015,2.7498631
Fiji,FJI,2016,1.8594418
Fiji,FJI,2017,2.598358
Fiji,FJI,2018,2.2924466
Fiji,FJI,2019,0.733607
Fiji,FJI,2020,1.1190476
Fiji,FJI,2021,1.7703886
Fiji,FJI,2022,0.92813355
Fiji,FJI,2023,1.4931035
Fiji,FJI,2024,0
Finland,FIN,2012,0.0025142552
Finland,FIN,2013,0.0062427986
Finland,FIN,2014,0.0014801903
Finland,FIN,2015,0.0015392797
Finland,FIN,2016,0.0026087984
Finland,FIN,2017,0.0020592667
Finland,FIN,2018,0.008559104
Finland,FIN,2019,0.0013058764
Finland,FIN,2020,0.003701953
Finland,FIN,2021,0.006027122
Finland,FIN,2022,0.002951517
Finland,FIN,2023,0.0030431058
Finland,FIN,2024,0
France,FRA,2012,0.09958169
France,FRA,2013,0.022568377
France,FRA,2014,0.07443449
France,FRA,2015,0.060391173
France,FRA,2016,0.05470355
France,FRA,2017,0.13290428
France,FRA,2018,0.020215381
France,FRA,2019,0.16845603
France,FRA,2020,0.057122108
France,FRA,2021,0.067599505
France,FRA,2022,0.17520906
France,FRA,2023,0.06368937
France,FRA,2024,0.016840687
French Guiana,GUF,2012,0.4077512
French Guiana,GUF,2013,0.16427034
French Guiana,GUF,2014,0.17553827
French Guiana,GUF,2015,0.3895335
French Guiana,GUF,2016,0.51254785
French Guiana,GUF,2017,0.17108852
French Guiana,GUF,2018,0.34204546
French Guiana,GUF,2019,0.19289474
French Guiana,GUF,2020,0.25130382
French Guiana,GUF,2021,0.07967703
French Guiana,GUF,2022,0.11355263
French Guiana,GUF,2023,0.5159091
French Guiana,GUF,2024,0.00965311
French Polynesia,PYF,2012,0
French Polynesia,PYF,2013,0
French Polynesia,PYF,2014,0
French Polynesia,PYF,2015,0
French Polynesia,PYF,2016,0
French Polynesia,PYF,2017,0
French Polynesia,PYF,2018,0
French Polynesia,PYF,2019,0
French Polynesia,PYF,2020,0
French Polynesia,PYF,2021,0
French Polynesia,PYF,2022,0
French Polynesia,PYF,2023,0
French Polynesia,PYF,2024,0
Gabon,GAB,2012,0.91171217
Gabon,GAB,2013,0.93258864
Gabon,GAB,2014,0.6585572
Gabon,GAB,2015,0.7081406
Gabon,GAB,2016,0.8
Gabon,GAB,2017,0.70616806
Gabon,GAB,2018,0.7181081
Gabon,GAB,2019,0.7627825
Gabon,GAB,2020,0.78531027
Gabon,GAB,2021,0.5798894
Gabon,GAB,2022,0.7717824
Gabon,GAB,2023,0.6785893
Gabon,GAB,2024,0.105207905
Gambia,GMB,2012,8.084601
Gambia,GMB,2013,9.56531
Gambia,GMB,2014,7.6479645
Gambia,GMB,2015,4.815664
Gambia,GMB,2016,9.459292
Gambia,GMB,2017,10.633629
Gambia,GMB,2018,7.180354
Gambia,GMB,2019,7.3429203
Gambia,GMB,2020,11.446195
Gambia,GMB,2021,10.605133
Gambia,GMB,2022,12.067168
Gambia,GMB,2023,14.494336
Gambia,GMB,2024,8.08
Georgia,GEO,2012,0.43797705
Georgia,GEO,2013,0.38433284
Georgia,GEO,2014,0.41925395
Georgia,GEO,2015,0.6832855
Georgia,GEO,2016,0.59761834
Georgia,GEO,2017,0.7522812
Georgia,GEO,2018,0.4188522
Georgia,GEO,2019,0.8820373
Georgia,GEO,2020,0.5826399
Georgia,GEO,2021,0.50688666
Georgia,GEO,2022,0.33375895
Georgia,GEO,2023,0.18063128
Georgia,GEO,2024,0.12893832
Germany,DEU,2012,0.0052797897
Germany,DEU,2013,0.0061634835
Germany,DEU,2014,0.0036773959
Germany,DEU,2015,0.006753545
Germany,DEU,2016,0.005467155
Germany,DEU,2017,0.003084538
Germany,DEU,2018,0.026628261
Germany,DEU,2019,0.017413799
Germany,DEU,2020,0.007329623
Germany,DEU,2021,0.0026510807
Germany,DEU,2022,0.029217819
Germany,DEU,2023,0.0151178725
Germany,DEU,2024,0.001311558
Ghana,GHA,2012,13.742125
Ghana,GHA,2013,22.309961
Ghana,GHA,2014,20.69154
Ghana,GHA,2015,23.155901
Ghana,GHA,2016,20.12982
Ghana,GHA,2017,23.866264
Ghana,GHA,2018,13.196621
Ghana,GHA,2019,19.527271
Ghana,GHA,2020,25.174316
Ghana,GHA,2021,16.958189
Ghana,GHA,2022,20.694809
Ghana,GHA,2023,14.567287
Ghana,GHA,2024,9.709714
Gibraltar,GIB,2012,0
Gibraltar,GIB,2013,0
Gibraltar,GIB,2014,0
Gibraltar,GIB,2015,0
Gibraltar,GIB,2016,0
Gibraltar,GIB,2017,0
Gibraltar,GIB,2018,0
Gibraltar,GIB,2019,0
Gibraltar,GIB,2020,0
Gibraltar,GIB,2021,0
Gibraltar,GIB,2022,0
Gibraltar,GIB,2023,0
Gibraltar,GIB,2024,0
Greece,GRC,2012,0.76393604
Greece,GRC,2013,0.49726433
Greece,GRC,2014,0.3979312
Greece,GRC,2015,0.42346165
Greece,GRC,2016,0.66443616
Greece,GRC,2017,0.38613215
Greece,GRC,2018,0.24541529
Greece,GRC,2019,0.23899667
Greece,GRC,2020,0.26379964
Greece,GRC,2021,1.0287057
Greece,GRC,2022,0.3298424
Greece,GRC,2023,1.2821689
Greece,GRC,2024,0.020096999
Greenland,GRL,2012,0
Greenland,GRL,2013,0
Greenland,GRL,2014,0.0003386527
Greenland,GRL,2015,0.0012327932
Greenland,GRL,2016,0.0002558168
Greenland,GRL,2017,0.00911195
Greenland,GRL,2018,0
Greenland,GRL,2019,0.004707029
Greenland,GRL,2020,0.0011572663
Greenland,GRL,2021,0
Greenland,GRL,2022,0
Greenland,GRL,2023,0
Greenland,GRL,2024,0
Grenada,GRD,2012,0
Grenada,GRD,2013,0
Grenada,GRD,2014,0
Grenada,GRD,2015,0
Grenada,GRD,2016,0
Grenada,GRD,2017,0
Grenada,GRD,2018,0
Grenada,GRD,2019,0
Grenada,GRD,2020,0
Grenada,GRD,2021,0
Grenada,GRD,2022,0
Grenada,GRD,2023,0
Grenada,GRD,2024,0
Guadeloupe,GLP,2012,0
Guadeloupe,GLP,2013,0
Guadeloupe,GLP,2014,0.2398773
Guadeloupe,GLP,2015,0
Guadeloupe,GLP,2016,0
Guadeloupe,GLP,2017,0
Guadeloupe,GLP,2018,0.115337424
Guadeloupe,GLP,2019,0
Guadeloupe,GLP,2020,0
Guadeloupe,GLP,2021,0
Guadeloupe,GLP,2022,0
Guadeloupe,GLP,2023,0.11349693
Guadeloupe,GLP,2024,0
Guam,GUM,2012,1.3000001
Guam,GUM,2013,0.5370371
Guam,GUM,2014,2.1462963
Guam,GUM,2015,1.8537037
Guam,GUM,2016,1.812963
Guam,GUM,2017,0.6222222
Guam,GUM,2018,0.3574074
Guam,GUM,2019,4.1148148
Guam,GUM,2020,0.51481485
Guam,GUM,2021,0.9166666
Guam,GUM,2022,0.6648148
Guam,GUM,2023,0
Guam,GUM,2024,0.8518519
Guatemala,GTM,2012,4.9630914
Guatemala,GTM,2013,8.653402
Guatemala,GTM,2014,3.8227203
Guatemala,GTM,2015,5.46389
Guatemala,GTM,2016,6.0361834
Guatemala,GTM,2017,5.3621454
Guatemala,GTM,2018,2.8024888
Guatemala,GTM,2019,5.5952244
Guatemala,GTM,2020,5.717954
Guatemala,GTM,2021,2.944072
Guatemala,GTM,2022,3.6001377
Guatemala,GTM,2023,6.2620716
Guatemala,GTM,2024,1.9269079
Guinea,GIN,2012,25.30257
Guinea,GIN,2013,30.958155
Guinea,GIN,2014,33.6851
Guinea,GIN,2015,30.002172
Guinea,GIN,2016,31.09322
Guinea,GIN,2017,31.420427
Guinea,GIN,2018,20.182877
Guinea,GIN,2019,29.04437
Guinea,GIN,2020,28.464891
Guinea,GIN,2021,24.365614
Guinea,GIN,2022,26.08144
Guinea,GIN,2023,23.128263
Guinea,GIN,2024,14.668144
Guinea-Bissau,GNB,2012,12.80703
Guinea-Bissau,GNB,2013,11.579242
Guinea-Bissau,GNB,2014,14.788459
Guinea-Bissau,GNB,2015,14.878301
Guinea-Bissau,GNB,2016,13.616468
Guinea-Bissau,GNB,2017,9.876363
Guinea-Bissau,GNB,2018,8.259424
Guinea-Bissau,GNB,2019,13.051342
Guinea-Bissau,GNB,2020,13.626626
Guinea-Bissau,GNB,2021,9.450844
Guinea-Bissau,GNB,2022,10.730142
Guinea-Bissau,GNB,2023,8.131719
Guinea-Bissau,GNB,2024,5.9369774
Guyana,GUY,2012,0.58276504
Guyana,GUY,2013,0.48469087
Guyana,GUY,2014,0.6254919
Guyana,GUY,2015,1.0268643
Guyana,GUY,2016,0.84526676
Guyana,GUY,2017,0.4883472
Guyana,GUY,2018,0.5387775
Guyana,GUY,2019,0.7792576
Guyana,GUY,2020,0.7624692
Guyana,GUY,2021,0.21108992
Guyana,GUY,2022,0.2153789
Guyana,GUY,2023,1.6090524
Guyana,GUY,2024,2.3280365
Haiti,HTI,2012,0.56944144
Haiti,HTI,2013,0.80652255
Haiti,HTI,2014,0.3663063
Haiti,HTI,2015,0.5865585
Haiti,HTI,2016,0.2683964
Haiti,HTI,2017,0.36735135
Haiti,HTI,2018,0.35445043
Haiti,HTI,2019,0.54933333
Haiti,HTI,2020,0.7638198
Haiti,HTI,2021,0.5603964
Haiti,HTI,2022,0.40472072
Haiti,HTI,2023,1.0491171
Haiti,HTI,2024,0.42533332
Honduras,HND,2012,2.2860255
Honduras,HND,2013,7.9703083
Honduras,HND,2014,7.14083
Honduras,HND,2015,6.6133876
Honduras,HND,2016,7.390257
Honduras,HND,2017,4.252156
Honduras,HND,2018,7.024109
Honduras,HND,2019,10.22899
Honduras,HND,2020,15.596498
Honduras,HND,2021,3.180896
Honduras,HND,2022,4.603867
Honduras,HND,2023,14.14932
Honduras,HND,2024,2.3759978
Hong Kong,HKG,2012,0
Hong Kong,HKG,2013,0.17027028
Hong Kong,HKG,2014,0.7828829
Hong Kong,HKG,2015,0.29189187
Hong Kong,HKG,2016,0.76666665
Hong Kong,HKG,2017,0.7045045
Hong Kong,HKG,2018,0.77207214
Hong Kong,HKG,2019,0.18738739
Hong Kong,HKG,2020,0.37297297
Hong Kong,HKG,2021,1.1252253
Hong Kong,HKG,2022,0.14774776
Hong Kong,HKG,2023,0
Hong Kong,HKG,2024,0
Hungary,HUN,2012,0.29166937
Hungary,HUN,2013,0.064774804
Hungary,HUN,2014,0.07971622
Hungary,HUN,2015,0.07346018
Hungary,HUN,2016,0.023927765
Hungary,HUN,2017,0.06250671
Hungary,HUN,2018,0.07041814
Hungary,HUN,2019,0.08873482
Hungary,HUN,2020,0.08006019
Hungary,HUN,2021,0.06595722
Hungary,HUN,2022,0.2404278
Hungary,HUN,2023,0.01777921
Hungary,HUN,2024,0.0082769
Iceland,ISL,2012,0.0005631068
Iceland,ISL,2013,0.0023980583
Iceland,ISL,2014,0.2441262
Iceland,ISL,2015,0.024262134
Iceland,ISL,2016,0.0006893204
Iceland,ISL,2017,0
Iceland,ISL,2018,0.002359223
Iceland,ISL,2019,0.0019223301
Iceland,ISL,2020,0.0058834953
Iceland,ISL,2021,0.2930874
Iceland,ISL,2022,0.0454466
Iceland,ISL,2023,0.1018932
Iceland,ISL,2024,0.06379612
India,IND,2012,2.439773
India,IND,2013,1.7099495
India,IND,2014,1.9676018
India,IND,2015,1.6110213
India,IND,2016,2.6229272
India,IND,2017,2.149305
India,IND,2018,1.971759
India,IND,2019,1.8750427
India,IND,2020,1.6270245
India,IND,2021,3.5000265
India,IND,2022,2.315671
India,IND,2023,1.6075418
India,IND,2024,0.56146514
Indonesia,IDN,2012,2.5436761
Indonesia,IDN,2013,1.9067641
Indonesia,IDN,2014,4.341158
Indonesia,IDN,2015,7.3562455
Indonesia,IDN,2016,0.7383343
Indonesia,IDN,2017,0.50491035
Indonesia,IDN,2018,1.5288872
Indonesia,IDN,2019,3.270757
Indonesia,IDN,2020,0.47120968
Indonesia,IDN,2021,0.32101876
Indonesia,IDN,2022,0.30546817
Indonesia,IDN,2023,1.8565072
Indonesia,IDN,2024,0.046315763
Iran,IRN,2012,0.20755292
Iran,IRN,2013,0.22280319
Iran,IRN,2014,0.2458333
Iran,IRN,2015,0.22130074
Iran,IRN,2016,0.2990591
Iran,IRN,2017,0.27987736
Iran,IRN,2018,0.22585736
Iran,IRN,2019,0.27622953
Iran,IRN,2020,0.29008508
Iran,IRN,2021,0.2711469
Iran,IRN,2022,0.23285677
Iran,IRN,2023,0.20498466
Iran,IRN,2024,0.05624559
Iraq,IRQ,2012,0.48215836
Iraq,IRQ,2013,0.45668083
Iraq,IRQ,2014,0.6661694
Iraq,IRQ,2015,1.1235536
Iraq,IRQ,2016,1.0137938
Iraq,IRQ,2017,0.6251534
Iraq,IRQ,2018,0.8131755
Iraq,IRQ,2019,1.7890519
Iraq,IRQ,2020,1.2794989
Iraq,IRQ,2021,0.9304563
Iraq,IRQ,2022,0.69553614
Iraq,IRQ,2023,0.5852109
Iraq,IRQ,2024,0.12662452
Ireland,IRL,2012,0.04419465
Ireland,IRL,2013,0.099231645
Ireland,IRL,2014,0.015338645
Ireland,IRL,2015,0.24544677
Ireland,IRL,2016,0.03648264
Ireland,IRL,2017,0.13533011
Ireland,IRL,2018,0.06125498
Ireland,IRL,2019,0.044052362
Ireland,IRL,2020,0.055506546
Ireland,IRL,2021,0.05288844
Ireland,IRL,2022,0.056730222
Ireland,IRL,2023,0.01895276
Ireland,IRL,2024,0
Isle of Man,IMN,2012,0
Isle of Man,IMN,2013,0
Isle of Man,IMN,2014,0
Isle of Man,IMN,2015,0
Isle of Man,IMN,2016,0
Isle of Man,IMN,2017,0
Isle of Man,IMN,2018,0
Isle of Man,IMN,2019,0
Isle of Man,IMN,2020,0
Isle of Man,IMN,2021,0
Isle of Man,IMN,2022,0
Isle of Man,IMN,2023,0
Isle of Man,IMN,2024,0
Israel,ISR,2012,0.15641142
Israel,ISR,2013,0.47521523
Israel,ISR,2014,0.14920707
Israel,ISR,2015,0.33312187
Israel,ISR,2016,0.3406434
Israel,ISR,2017,0.1401903
Israel,ISR,2018,0.1327141
Israel,ISR,2019,0.34290892
Israel,ISR,2020,0.32895333
Israel,ISR,2021,0.44925237
Israel,ISR,2022,0.1750793
Israel,ISR,2023,0.19374716
Israel,ISR,2024,0
Italy,ITA,2012,0.9379345
Italy,ITA,2013,0.30565965
Italy,ITA,2014,0.353288
Italy,ITA,2015,0.3559364
Italy,ITA,2016,0.38696584
Italy,ITA,2017,1.1324735
Italy,ITA,2018,0.20286492
Italy,ITA,2019,0.38325477
Italy,ITA,2020,0.35768107
Italy,ITA,2021,0.81975585
Italy,ITA,2022,0.45262656
Italy,ITA,2023,0.5696797
Italy,ITA,2024,0.006230385
Jamaica,JAM,2012,0.57397634
Jamaica,JAM,2013,0.84149224
Jamaica,JAM,2014,0.9121929
Jamaica,JAM,2015,1.6195632
Jamaica,JAM,2016,0.24422202
Jamaica,JAM,2017,0.8380346
Jamaica,JAM,2018,0.7393085
Jamaica,JAM,2019,0.69690627
Jamaica,JAM,2020,0.8755232
Jamaica,JAM,2021,0.3877161
Jamaica,JAM,2022,0.3954504
Jamaica,JAM,2023,1.1088262
Jamaica,JAM,2024,0.4908098
Japan,JPN,2012,0.0123183075
Japan,JPN,2013,0.022062363
Japan,JPN,2014,0.043182865
Japan,JPN,2015,0.044018902
Japan,JPN,2016,0.018800234
Japan,JPN,2017,0.012440009
Japan,JPN,2018,0.045886755
Japan,JPN,2019,0.0330446
Japan,JPN,2020,0.04376756
Japan,JPN,2021,0.01603814
Japan,JPN,2022,0.048828755
Japan,JPN,2023,0.022620603
Japan,JPN,2024,0.012368576
Jordan,JOR,2012,0
Jordan,JOR,2013,0.004623928
Jordan,JOR,2014,0
Jordan,JOR,2015,0.014924203
Jordan,JOR,2016,0.0033140015
Jordan,JOR,2017,0.0077475985
Jordan,JOR,2018,0.0019592915
Jordan,JOR,2019,0.0040977183
Jordan,JOR,2020,0.02060055
Jordan,JOR,2021,0.007109429
Jordan,JOR,2022,0.009639715
Jordan,JOR,2023,0.003011711
Jordan,JOR,2024,0
Kazakhstan,KAZ,2012,1.4822314
Kazakhstan,KAZ,2013,0.38502222
Kazakhstan,KAZ,2014,1.1028064
Kazakhstan,KAZ,2015,1.226746
Kazakhstan,KAZ,2016,0.5484367
Kazakhstan,KAZ,2017,2.289391
Kazakhstan,KAZ,2018,0.8524739
Kazakhstan,KAZ,2019,1.5143492
Kazakhstan,KAZ,2020,0.93745905
Kazakhstan,KAZ,2021,0.848938
Kazakhstan,KAZ,2022,0.5461504
Kazakhstan,KAZ,2023,0.28211936
Kazakhstan,KAZ,2024,0.027996993
Kenya,KEN,2012,1.2912211
Kenya,KEN,2013,0.6619829
Kenya,KEN,2014,0.43853575
Kenya,KEN,2015,0.63188654
Kenya,KEN,2016,0.4198873
Kenya,KEN,2017,0.27842066
Kenya,KEN,2018,0.21580027
Kenya,KEN,2019,0.5757017
Kenya,KEN,2020,0.74273306
Kenya,KEN,2021,0.6436463
Kenya,KEN,2022,0.2271637
Kenya,KEN,2023,0.22595757
Kenya,KEN,2024,0.113624066
Kiribati,KIR,2012,0
Kiribati,KIR,2013,0
Kiribati,KIR,2014,0
Kiribati,KIR,2015,0
Kiribati,KIR,2016,0
Kiribati,KIR,2017,0
Kiribati,KIR,2018,0
Kiribati,KIR,2019,0
Kiribati,KIR,2020,0
Kiribati,KIR,2021,0
Kiribati,KIR,2022,0
Kiribati,KIR,2023,0
Kiribati,KIR,2024,0
Kuwait,KWT,2012,0.053030305
Kuwait,KWT,2013,0.00976431
Kuwait,KWT,2014,0.06975309
Kuwait,KWT,2015,0.049607184
Kuwait,KWT,2016,0.17901234
Kuwait,KWT,2017,0.059708193
Kuwait,KWT,2018,0.034960717
Kuwait,KWT,2019,0.15533109
Kuwait,KWT,2020,0.06245791
Kuwait,KWT,2021,0.03367003
Kuwait,KWT,2022,0.044949494
Kuwait,KWT,2023,0
Kuwait,KWT,2024,0.008193042
Kyrgyzstan,KGZ,2012,0.09535884
Kyrgyzstan,KGZ,2013,0.062500626
Kyrgyzstan,KGZ,2014,0.06651163
Kyrgyzstan,KGZ,2015,0.033338334
Kyrgyzstan,KGZ,2016,0.050397597
Kyrgyzstan,KGZ,2017,0.06868217
Kyrgyzstan,KGZ,2018,0.08710178
Kyrgyzstan,KGZ,2019,0.07324331
Kyrgyzstan,KGZ,2020,0.042210553
Kyrgyzstan,KGZ,2021,0.03763441
Kyrgyzstan,KGZ,2022,0.026096523
Kyrgyzstan,KGZ,2023,0.013468367
Kyrgyzstan,KGZ,2024,0
Laos,LAO,2012,14.904219
Laos,LAO,2013,15.361601
Laos,LAO,2014,16.789919
Laos,LAO,2015,17.704725
Laos,LAO,2016,16.950005
Laos,LAO,2017,11.577568
Laos,LAO,2018,10.21533
Laos,LAO,2019,18.698332
Laos,LAO,2020,19.680664
Laos,LAO,2021,13.307069
Laos,LAO,2022,13.231297
Laos,LAO,2023,27.935722
Laos,LAO,2024,9.900418
Latvia,LVA,2012,0.0064406255
Latvia,LVA,2013,0.0024152345
Latvia,LVA,2014,0.018888373
Latvia,LVA,2015,0.011131755
Latvia,LVA,2016,0.008747485
Latvia,LVA,2017,0.006936058
Latvia,LVA,2018,0.07112556
Latvia,LVA,2019,0.028595759
Latvia,LVA,2020,0.009614492
Latvia,LVA,2021,0.007369562
Latvia,LVA,2022,0.015621614
Latvia,LVA,2023,0.005233008
Latvia,LVA,2024,0.0024307168
Lebanon,LBN,2012,0.08267943
Lebanon,LBN,2013,0.3860287
Lebanon,LBN,2014,0.04200957
Lebanon,LBN,2015,0.11119617
Lebanon,LBN,2016,0.27933013
Lebanon,LBN,2017,0.20593302
Lebanon,LBN,2018,0.045167465
Lebanon,LBN,2019,0.19358853
Lebanon,LBN,2020,0.5085167
Lebanon,LBN,2021,0.59052634
Lebanon,LBN,2022,0.13157895
Lebanon,LBN,2023,0.2739713
Lebanon,LBN,2024,0
Lesotho,LSO,2012,0.19018446
Lesotho,LSO,2013,2.1550395
Lesotho,LSO,2014,1.974506
Lesotho,LSO,2015,0.6143281
Lesotho,LSO,2016,0.15247037
Lesotho,LSO,2017,0.7191699
Lesotho,LSO,2018,0.3049407
Lesotho,LSO,2019,1.8937418
Lesotho,LSO,2020,0.56396574
Lesotho,LSO,2021,0.8194994
Lesotho,LSO,2022,0.8035244
Lesotho,LSO,2023,1.3455204
Lesotho,LSO,2024,0.007872201
Liberia,LBR,2012,7.090895
Liberia,LBR,2013,3.7275388
Liberia,LBR,2014,6.079294
Liberia,LBR,2015,12.466463
Liberia,LBR,2016,5.708844
Liberia,LBR,2017,5.8014007
Liberia,LBR,2018,3.29613
Liberia,LBR,2019,7.8629613
Liberia,LBR,2020,4.900574
Liberia,LBR,2021,3.227467
Liberia,LBR,2022,5.4550056
Liberia,LBR,2023,4.842579
Liberia,LBR,2024,3.047706
Libya,LBY,2012,0.0027785671
Libya,LBY,2013,0.0029303115
Libya,LBY,2014,0.0017305659
Libya,LBY,2015,0.0023204929
Libya,LBY,2016,0.0013799061
Libya,LBY,2017,0.0026268228
Libya,LBY,2018,0.0030058993
Libya,LBY,2019,0.0024210874
Libya,LBY,2020,0.0042806645
Libya,LBY,2021,0.001913
Libya,LBY,2022,0.0023443627
Libya,LBY,2023,0.0013588779
Libya,LBY,2024,0.000063653
Liechtenstein,LIE,2012,0
Liechtenstein,LIE,2013,0
Liechtenstein,LIE,2014,0
Liechtenstein,LIE,2015,0
Liechtenstein,LIE,2016,0
Liechtenstein,LIE,2017,0
Liechtenstein,LIE,2018,0
Liechtenstein,LIE,2019,0
Liechtenstein,LIE,2020,0
Liechtenstein,LIE,2021,0
Liechtenstein,LIE,2022,0
Liechtenstein,LIE,2023,0
Liechtenstein,LIE,2024,0
Lithuania,LTU,2012,0.020631032
Lithuania,LTU,2013,0.010399755
Lithuania,LTU,2014,0.019635472
Lithuania,LTU,2015,0.017368663
Lithuania,LTU,2016,0.0017154234
Lithuania,LTU,2017,0.0058508194
Lithuania,LTU,2018,0.012589983
Lithuania,LTU,2019,0.021856332
Lithuania,LTU,2020,0.009894318
Lithuania,LTU,2021,0.008163578
Lithuania,LTU,2022,0.0018226374
Lithuania,LTU,2023,0.011579108
Lithuania,LTU,2024,0
Luxembourg,LUX,2012,0
Luxembourg,LUX,2013,0
Luxembourg,LUX,2014,0
Luxembourg,LUX,2015,0
Luxembourg,LUX,2016,0
Luxembourg,LUX,2017,0
Luxembourg,LUX,2018,0
Luxembourg,LUX,2019,0
Luxembourg,LUX,2020,0
Luxembourg,LUX,2021,0
Luxembourg,LUX,2022,0
Luxembourg,LUX,2023,0
Luxembourg,LUX,2024,0
Macao,MAC,2012,0
Macao,MAC,2013,0
Macao,MAC,2014,0
Macao,MAC,2015,0
Macao,MAC,2016,0
Macao,MAC,2017,0
Macao,MAC,2018,0
Macao,MAC,2019,0
Macao,MAC,2020,0
Macao,MAC,2021,0
Macao,MAC,2022,0
Macao,MAC,2023,0
Macao,MAC,2024,0
Madagascar,MDG,2012,8.465397
Madagascar,MDG,2013,10.629396
Madagascar,MDG,2014,8.301439
Madagascar,MDG,2015,8.5302
Madagascar,MDG,2016,10.8288765
Madagascar,MDG,2017,8.050472
Madagascar,MDG,2018,9.147674
Madagascar,MDG,2019,7.7017903
Madagascar,MDG,2020,9.404751
Madagascar,MDG,2021,7.6003065
Madagascar,MDG,2022,6.9596643
Madagascar,MDG,2023,6.9647894
Madagascar,MDG,2024,0.021074587
Malawi,MWI,2012,10.167016
Malawi,MWI,2013,9.12062
Malawi,MWI,2014,7.9484553
Malawi,MWI,2015,8.243822
Malawi,MWI,2016,9.058254
Malawi,MWI,2017,6.7811785
Malawi,MWI,2018,7.8495274
Malawi,MWI,2019,7.427667
Malawi,MWI,2020,7.735272
Malawi,MWI,2021,6.831963
Malawi,MWI,2022,6.0712695
Malawi,MWI,2023,5.636082
Malawi,MWI,2024,0.008794733
Malaysia,MYS,2012,0.79631424
Malaysia,MYS,2013,0.65660644
Malaysia,MYS,2014,1.3698545
Malaysia,MYS,2015,0.86929303
Malaysia,MYS,2016,0.9578948
Malaysia,MYS,2017,0.13420558
Malaysia,MYS,2018,0.37963322
Malaysia,MYS,2019,0.5978977
Malaysia,MYS,2020,0.20711173
Malaysia,MYS,2021,0.14138451
Malaysia,MYS,2022,0.07097524
Malaysia,MYS,2023,0.1247416
Malaysia,MYS,2024,0.14225616
Maldives,MDV,2012,0
Maldives,MDV,2013,0
Maldives,MDV,2014,0
Maldives,MDV,2015,0
Maldives,MDV,2016,0
Maldives,MDV,2017,0
Maldives,MDV,2018,0
Maldives,MDV,2019,0
Maldives,MDV,2020,0
Maldives,MDV,2021,0
Maldives,MDV,2022,0
Maldives,MDV,2023,0
Maldives,MDV,2024,0
Mali,MLI,2012,2.2666156
Mali,MLI,2013,3.0677066
Mali,MLI,2014,2.6537747
Mali,MLI,2015,2.4267178
Mali,MLI,2016,3.0927784
Mali,MLI,2017,3.0747797
Mali,MLI,2018,1.3662567
Mali,MLI,2019,2.503513
Mali,MLI,2020,3.1469808
Mali,MLI,2021,3.3002975
Mali,MLI,2022,3.0224104
Mali,MLI,2023,3.247134
Mali,MLI,2024,1.0080705
Malta,MLT,2012,0
Malta,MLT,2013,0
Malta,MLT,2014,0
Malta,MLT,2015,0
Malta,MLT,2016,0
Malta,MLT,2017,0
Malta,MLT,2018,0
Malta,MLT,2019,0
Malta,MLT,2020,0.54375
Malta,MLT,2021,0
Malta,MLT,2022,0
Malta,MLT,2023,0
Malta,MLT,2024,0
Marshall Islands,MHL,2012,0
Marshall Islands,MHL,2013,0
Marshall Islands,MHL,2014,0
Marshall Islands,MHL,2015,0
Marshall Islands,MHL,2016,0
Marshall Islands,MHL,2017,0
Marshall Islands,MHL,2018,0
Marshall Islands,MHL,2019,0
Marshall Islands,MHL,2020,0
Marshall Islands,MHL,2021,0
Marshall Islands,MHL,2022,0
Marshall Islands,MHL,2023,0
Marshall Islands,MHL,2024,0
Martinique,MTQ,2012,0
Martinique,MTQ,2013,0
Martinique,MTQ,2014,0
Martinique,MTQ,2015,0
Martinique,MTQ,2016,0
Martinique,MTQ,2017,0
Martinique,MTQ,2018,0
Martinique,MTQ,2019,0.16017699
Martinique,MTQ,2020,0
Martinique,MTQ,2021,0.339823
Martinique,MTQ,2022,0
Martinique,MTQ,2023,0
Martinique,MTQ,2024,0
Mauritania,MRT,2012,0.087521106
Mauritania,MRT,2013,0.08452702
Mauritania,MRT,2014,0.027542448
Mauritania,MRT,2015,0.016364606
Mauritania,MRT,2016,0.059037548
Mauritania,MRT,2017,0.037359077
Mauritania,MRT,2018,0.0121335015
Mauritania,MRT,2019,0.039839916
Mauritania,MRT,2020,0.051991846
Mauritania,MRT,2021,0.10339284
Mauritania,MRT,2022,0.070247404
Mauritania,MRT,2023,0.115079075
Mauritania,MRT,2024,0.031376734
Mauritius,MUS,2012,0.39661187
Mauritius,MUS,2013,0.30842054
Mauritius,MUS,2014,0.8784255
Mauritius,MUS,2015,0
Mauritius,MUS,2016,0.3816642
Mauritius,MUS,2017,0.35874438
Mauritius,MUS,2018,0.22969607
Mauritius,MUS,2019,0.36472344
Mauritius,MUS,2020,0.4529148
Mauritius,MUS,2021,0.09815645
Mauritius,MUS,2022,0.4030892
Mauritius,MUS,2023,0
Mauritius,MUS,2024,0
Mayotte,MYT,2012,0
Mayotte,MYT,2013,0.71657753
Mayotte,MYT,2014,0
Mayotte,MYT,2015,0
Mayotte,MYT,2016,0.45187166
Mayotte,MYT,2017,0
Mayotte,MYT,2018,0
Mayotte,MYT,2019,0
Mayotte,MYT,2020,0
Mayotte,MYT,2021,0
Mayotte,MYT,2022,0
Mayotte,MYT,2023,0
Mayotte,MYT,2024,0
Mexico,MEX,2012,2.3764622
Mexico,MEX,2013,2.97795
Mexico,MEX,2014,1.0317037
Mexico,MEX,2015,1.57502
Mexico,MEX,2016,2.1943173
Mexico,MEX,2017,3.1278808
Mexico,MEX,2018,1.9807923
Mexico,MEX,2019,3.1418674
Mexico,MEX,2020,2.2094972
Mexico,MEX,2021,2.2669556
Mexico,MEX,2022,2.2436745
Mexico,MEX,2023,2.6724184
Mexico,MEX,2024,0.5109157
Micronesia (country),FSM,2012,0
Micronesia (country),FSM,2013,0
Micronesia (country),FSM,2014,0
Micronesia (country),FSM,2015,0
Micronesia (country),FSM,2016,0.7014286
Micronesia (country),FSM,2017,0
Micronesia (country),FSM,2018,0
Micronesia (country),FSM,2019,0
Micronesia (country),FSM,2020,0
Micronesia (country),FSM,2021,0
Micronesia (country),FSM,2022,0
Micronesia (country),FSM,2023,0
Micronesia (country),FSM,2024,0
Moldova,MDA,2012,0.35075334
Moldova,MDA,2013,0.80818313
Moldova,MDA,2014,1.764579
Moldova,MDA,2015,1.0140916
Moldova,MDA,2016,1.5015361
Moldova,MDA,2017,0.88100445
Moldova,MDA,2018,0.5979616
Moldova,MDA,2019,0.3783752
Moldova,MDA,2020,0.3149483
Moldova,MDA,2021,0.5651108
Moldova,MDA,2022,0.9378139
Moldova,MDA,2023,0.18472674
Moldova,MDA,2024,0.004726736
Monaco,MCO,2012,0
Monaco,MCO,2013,0
Monaco,MCO,2014,0
Monaco,MCO,2015,0
Monaco,MCO,2016,0
Monaco,MCO,2017,0
Monaco,MCO,2018,0
Monaco,MCO,2019,0
Monaco,MCO,2020,0
Monaco,MCO,2021,0
Monaco,MCO,2022,0
Monaco,MCO,2023,0
Monaco,MCO,2024,0
Mongolia,MNG,2012,0.5344942
Mongolia,MNG,2013,0.13891362
Mongolia,MNG,2014,0.23077317
Mongolia,MNG,2015,0.5736665
Mongolia,MNG,2016,0.10830335
Mongolia,MNG,2017,0.17555796
Mongolia,MNG,2018,0.037398122
Mongolia,MNG,2019,0.058331348
Mongolia,MNG,2020,0.014451614
Mongolia,MNG,2021,0.019055493
Mongolia,MNG,2022,0.12180171
Mongolia,MNG,2023,0.13892256
Mongolia,MNG,2024,0.00059969974
Montenegro,MNE,2012,6.950326
Montenegro,MNE,2013,0.40535843
Montenegro,MNE,2014,0.12266473
Montenegro,MNE,2015,2.926937
Montenegro,MNE,2016,1.0404055
Montenegro,MNE,2017,6.8041277
Montenegro,MNE,2018,0.5209993
Montenegro,MNE,2019,1.4725562
Montenegro,MNE,2020,2.9091961
Montenegro,MNE,2021,4.3204923
Montenegro,MNE,2022,2.3079653
Montenegro,MNE,2023,0
Montenegro,MNE,2024,0.13149892
Montserrat,MSR,2012,0
Montserrat,MSR,2013,0
Montserrat,MSR,2014,0
Montserrat,MSR,2015,0
Montserrat,MSR,2016,0
Montserrat,MSR,2017,0
Montserrat,MSR,2018,0
Montserrat,MSR,2019,0
Montserrat,MSR,2020,3.01
Montserrat,MSR,2021,0
Montserrat,MSR,2022,0
Montserrat,MSR,2023,0
Montserrat,MSR,2024,0
Morocco,MAR,2012,0.053559512
Morocco,MAR,2013,0.0216885
Morocco,MAR,2014,0.019093046
Morocco,MAR,2015,0.014016348
Morocco,MAR,2016,0.032670476
Morocco,MAR,2017,0.02742582
Morocco,MAR,2018,0.022727577
Morocco,MAR,2019,0.034827005
Morocco,MAR,2020,0.039321464
Morocco,MAR,2021,0.02890382
Morocco,MAR,2022,0.10102116
Morocco,MAR,2023,0.047629606
Morocco,MAR,2024,0.0006001568
Mozambique,MOZ,2012,24.14012
Mozambique,MOZ,2013,24.469414
Mozambique,MOZ,2014,25.507113
Mozambique,MOZ,2015,24.679594
Mozambique,MOZ,2016,21.717258
Mozambique,MOZ,2017,21.924162
Mozambique,MOZ,2018,23.500525
Mozambique,MOZ,2019,24.284319
Mozambique,MOZ,2020,21.658262
Mozambique,MOZ,2021,23.181166
Mozambique,MOZ,2022,20.579546
Mozambique,MOZ,2023,20.817947
Mozambique,MOZ,2024,0.07094123
Myanmar,MMR,2012,11.788411
Myanmar,MMR,2013,11.98231
Myanmar,MMR,2014,12.149264
Myanmar,MMR,2015,10.20169
Myanmar,MMR,2016,9.226987
Myanmar,MMR,2017,7.9888735
Myanmar,MMR,2018,5.4701324
Myanmar,MMR,2019,10.257388
Myanmar,MMR,2020,12.062081
Myanmar,MMR,2021,10.329273
Myanmar,MMR,2022,6.521434
Myanmar,MMR,2023,11.758606
Myanmar,MMR,2024,6.732263
Namibia,NAM,2012,6.080598
Namibia,NAM,2013,2.6607249
Namibia,NAM,2014,1.7939111
Namibia,NAM,2015,2.0171735
Namibia,NAM,2016,1.6921217
Namibia,NAM,2017,2.0853438
Namibia,NAM,2018,1.3813463
Namibia,NAM,2019,0.8410305
Namibia,NAM,2020,2.337909
Namibia,NAM,2021,2.603063
Namibia,NAM,2022,1.9919726
Namibia,NAM,2023,2.0611339
Namibia,NAM,2024,0.013262323
Nauru,NRU,2012,0
Nauru,NRU,2013,0
Nauru,NRU,2014,0
Nauru,NRU,2015,0
Nauru,NRU,2016,0
Nauru,NRU,2017,0
Nauru,NRU,2018,0
Nauru,NRU,2019,0
Nauru,NRU,2020,0
Nauru,NRU,2021,0
Nauru,NRU,2022,0
Nauru,NRU,2023,0
Nauru,NRU,2024,0
Nepal,NPL,2012,4.414921
Nepal,NPL,2013,3.1346445
Nepal,NPL,2014,5.0115576
Nepal,NPL,2015,1.0173936
Nepal,NPL,2016,9.800822
Nepal,NPL,2017,2.59167
Nepal,NPL,2018,2.8474522
Nepal,NPL,2019,4.8377767
Nepal,NPL,2020,1.0756013
Nepal,NPL,2021,9.341195
Nepal,NPL,2022,2.7996466
Nepal,NPL,2023,4.303499
Nepal,NPL,2024,0.7107759
Netherlands,NLD,2012,0
Netherlands,NLD,2013,0.0142272515
Netherlands,NLD,2014,0.026263842
Netherlands,NLD,2015,0.006692345
Netherlands,NLD,2016,0
Netherlands,NLD,2017,0
Netherlands,NLD,2018,0.013216177
Netherlands,NLD,2019,0.010327395
Netherlands,NLD,2020,0.03146365
Netherlands,NLD,2021,0.0025276842
Netherlands,NLD,2022,0.012638421
Netherlands,NLD,2023,0.016754935
Netherlands,NLD,2024,0
New Caledonia,NCL,2012,0.118083954
New Caledonia,NCL,2013,0.63595265
New Caledonia,NCL,2014,1.1216362
New Caledonia,NCL,2015,0.844564
New Caledonia,NCL,2016,1.2375672
New Caledonia,NCL,2017,2.6506996
New Caledonia,NCL,2018,0.46975243
New Caledonia,NCL,2019,3.0252423
New Caledonia,NCL,2020,0.47007537
New Caledonia,NCL,2021,1.2019914
New Caledonia,NCL,2022,0.24160387
New Caledonia,NCL,2023,1.4271259
New Caledonia,NCL,2024,0.102421954
New Zealand,NZL,2012,0.14729744
New Zealand,NZL,2013,0.1712973
New Zealand,NZL,2014,0.18152104
New Zealand,NZL,2015,0.1786336
New Zealand,NZL,2016,0.13569534
New Zealand,NZL,2017,0.12257667
New Zealand,NZL,2018,0.09871503
New Zealand,NZL,2019,0.18898435
New Zealand,NZL,2020,0.1418139
New Zealand,NZL,2021,0.13352509
New Zealand,NZL,2022,0.120858386
New Zealand,NZL,2023,0.081371635
New Zealand,NZL,2024,0.033513878
Nicaragua,NIC,2012,1.8247986
Nicaragua,NIC,2013,4.499609
Nicaragua,NIC,2014,4.2656364
Nicaragua,NIC,2015,2.6323004
Nicaragua,NIC,2016,4.4316716
Nicaragua,NIC,2017,1.9837079
Nicaragua,NIC,2018,3.3690574
Nicaragua,NIC,2019,4.5660734
Nicaragua,NIC,2020,4.7515917
Nicaragua,NIC,2021,1.7249827
Nicaragua,NIC,2022,2.1956277
Nicaragua,NIC,2023,7.955051
Nicaragua,NIC,2024,2.2075016
Niger,NER,2012,0.11812708
Niger,NER,2013,0.099600635
Niger,NER,2014,0.09272455
Niger,NER,2015,0.08101894
Niger,NER,2016,0.14095107
Niger,NER,2017,0.114979476
Niger,NER,2018,0.084854774
Niger,NER,2019,0.12522888
Niger,NER,2020,0.13962273
Niger,NER,2021,0.23303236
Niger,NER,2022,0.1799637
Niger,NER,2023,0.15538438
Niger,NER,2024,0.022954224
Nigeria,NGA,2012,4.1966844
Nigeria,NGA,2013,5.7531266
Nigeria,NGA,2014,6.108712
Nigeria,NGA,2015,6.9847527
Nigeria,NGA,2016,8.237713
Nigeria,NGA,2017,7.5618196
Nigeria,NGA,2018,5.391905
Nigeria,NGA,2019,6.321988
Nigeria,NGA,2020,7.4886227
Nigeria,NGA,2021,8.113598
Nigeria,NGA,2022,7.858446
Nigeria,NGA,2023,6.687473
Nigeria,NGA,2024,4.7569156
Niue,NIU,2012,0
Niue,NIU,2013,0
Niue,NIU,2014,0
Niue,NIU,2015,0
Niue,NIU,2016,0
Niue,NIU,2017,0
Niue,NIU,2018,0
Niue,NIU,2019,0
Niue,NIU,2020,0
Niue,NIU,2021,0
Niue,NIU,2022,0
Niue,NIU,2023,0
Niue,NIU,2024,0
Norfolk Island,NFK,2012,0
Norfolk Island,NFK,2013,0
Norfolk Island,NFK,2014,0
Norfolk Island,NFK,2015,0
Norfolk Island,NFK,2016,0
Norfolk Island,NFK,2017,0
Norfolk Island,NFK,2018,0
Norfolk Island,NFK,2019,0
Norfolk Island,NFK,2020,0
Norfolk Island,NFK,2021,0
Norfolk Island,NFK,2022,0
Norfolk Island,NFK,2023,0
Norfolk Island,NFK,2024,0
North America,,2012,0.5099328
North America,,2013,0.6250763
North America,,2014,0.47627637
North America,,2015,0.5846802
North America,,2016,0.5022144
North America,,2017,0.67830974
North America,,2018,0.5023349
North America,,2019,0.58334666
North America,,2020,0.57956517
North America,,2021,0.6094442
North America,,2022,0.5129029
North America,,2023,1.0353899
North America,,2024,0.1410727
North Korea,PRK,2012,0.4842293
North Korea,PRK,2013,0.4528787
North Korea,PRK,2014,3.3108678
North Korea,PRK,2015,1.3489132
North Korea,PRK,2016,0.20546706
North Korea,PRK,2017,0.5483408
North Korea,PRK,2018,0.36179692
North Korea,PRK,2019,0.7594409
North Korea,PRK,2020,0.22153641
North Korea,PRK,2021,0.05014933
North Korea,PRK,2022,0.14164592
North Korea,PRK,2023,0.07140368
North Korea,PRK,2024,0.04152149
North Macedonia,MKD,2012,2.0502918
North Macedonia,MKD,2013,0.8605212
North Macedonia,MKD,2014,0.35530922
North Macedonia,MKD,2015,0.94675225
North Macedonia,MKD,2016,0.50688446
North Macedonia,MKD,2017,1.939012
North Macedonia,MKD,2018,0.63562816
North Macedonia,MKD,2019,2.1262155
North Macedonia,MKD,2020,0.37693503
North Macedonia,MKD,2021,1.0413847
North Macedonia,MKD,2022,0.42053676
North Macedonia,MKD,2023,0.85266435
North Macedonia,MKD,2024,0.16343835
Northern Mariana Islands,MNP,2012,1.2760869
Northern Mariana Islands,MNP,2013,1.2108696
Northern Mariana Islands,MNP,2014,0
Northern Mariana Islands,MNP,2015,0
Northern Mariana Islands,MNP,2016,1.8130435
Northern Mariana Islands,MNP,2017,0.7717391
Northern Mariana Islands,MNP,2018,1.4304347
Northern Mariana Islands,MNP,2019,2.4695652
Northern Mariana Islands,MNP,2020,0.7695652
Northern Mariana Islands,MNP,2021,1.126087
Northern Mariana Islands,MNP,2022,0
Northern Mariana Islands,MNP,2023,0.43913043
Northern Mariana Islands,MNP,2024,0.96956515
Norway,NOR,2012,0.0008166533
Norway,NOR,2013,0.0020416332
Norway,NOR,2014,0.0028214573
Norway,NOR,2015,0.00059727783
Norway,NOR,2016,0.00037630106
Norway,NOR,2017,0.0012361889
Norway,NOR,2018,0.0020480384
Norway,NOR,2019,0.0038158528
Norway,NOR,2020,0.0010232186
Norway,NOR,2021,0.00069015217
Norway,NOR,2022,0.0012778223
Norway,NOR,2023,0.0006421137
Norway,NOR,2024,0.0003122498
Oceania,,2012,7.68481
Oceania,,2013,3.1232903
Oceania,,2014,4.291347
Oceania,,2015,4.2387896
Oceania,,2016,2.7165089
Oceania,,2017,4.50225
Oceania,,2018,4.3925247
Oceania,,2019,4.324369
Oceania,,2020,2.2221997
Oceania,,2021,2.963381
Oceania,,2022,3.1412628
Oceania,,2023,6.435558
Oceania,,2024,0.24147671
Oman,OMN,2012,0.0023974152
Oman,OMN,2013,0.00077544426
Oman,OMN,2014,0.001628433
Oman,OMN,2015,0.0017835218
Oman,OMN,2016,0.0019353797
Oman,OMN,2017,0.004003231
Oman,OMN,2018,0.0012407108
Oman,OMN,2019,0.0020516962
Oman,OMN,2020,0.00326979
Oman,OMN,2021,0.01273021
Oman,OMN,2022,0.004875606
Oman,OMN,2023,0
Oman,OMN,2024,0
Pakistan,PAK,2012,0.3794561
Pakistan,PAK,2013,0.2369338
Pakistan,PAK,2014,0.2832785
Pakistan,PAK,2015,0.18869112
Pakistan,PAK,2016,0.45629945
Pakistan,PAK,2017,0.38922244
Pakistan,PAK,2018,0.37330988
Pakistan,PAK,2019,0.25262028
Pakistan,PAK,2020,0.25392038
Pakistan,PAK,2021,0.46101496
Pakistan,PAK,2022,0.45936692
Pakistan,PAK,2023,0.17450948
Pakistan,PAK,2024,0.07389398
Palau,PLW,2012,0
Palau,PLW,2013,0.36956522
Palau,PLW,2014,0
Palau,PLW,2015,0
Palau,PLW,2016,0
Palau,PLW,2017,0
Palau,PLW,2018,0.37608695
Palau,PLW,2019,0
Palau,PLW,2020,0.40869564
Palau,PLW,2021,0
Palau,PLW,2022,0
Palau,PLW,2023,0
Palau,PLW,2024,0
Palestine,PSE,2012,0.016099585
Palestine,PSE,2013,0.29095435
Palestine,PSE,2014,0.00049792527
Palestine,PSE,2015,0.49842325
Palestine,PSE,2016,0.5103735
Palestine,PSE,2017,0.0393361
Palestine,PSE,2018,0
Palestine,PSE,2019,0.39817426
Palestine,PSE,2020,0.633527
Palestine,PSE,2021,0.5568465
Palestine,PSE,2022,0.11518671
Palestine,PSE,2023,0.13095436
Palestine,PSE,2024,0
Panama,PAN,2012,1.5053638
Panama,PAN,2013,1.3099045
Panama,PAN,2014,1.5828199
Panama,PAN,2015,2.5001194
Panama,PAN,2016,3.0709505
Panama,PAN,2017,1.2185874
Panama,PAN,2018,0.7793282
Panama,PAN,2019,3.526434
Panama,PAN,2020,2.0786777
Panama,PAN,2021,0.92934144
Panama,PAN,2022,0.99860597
Panama,PAN,2023,2.1883962
Panama,PAN,2024,1.1099178
Papua New Guinea,PNG,2012,0.8644175
Papua New Guinea,PNG,2013,0.81733215
Papua New Guinea,PNG,2014,1.3439677
Papua New Guinea,PNG,2015,4.6725583
Papua New Guinea,PNG,2016,0.63106686
Papua New Guinea,PNG,2017,0.87235546
Papua New Guinea,PNG,2018,1.7125983
Papua New Guinea,PNG,2019,1.04669
Papua New Guinea,PNG,2020,0.5601007
Papua New Guinea,PNG,2021,0.66887045
Papua New Guinea,PNG,2022,1.0484077
Papua New Guinea,PNG,2023,1.4066437
Papua New Guinea,PNG,2024,0.018395126
Paraguay,PRY,2012,6.2099385
Paraguay,PRY,2013,9.695871
Paraguay,PRY,2014,5.6696267
Paraguay,PRY,2015,5.2324953
Paraguay,PRY,2016,7.404608
Paraguay,PRY,2017,9.583365
Paraguay,PRY,2018,5.310381
Paraguay,PRY,2019,8.30481
Paraguay,PRY,2020,14.744523
Paraguay,PRY,2021,9.326052
Paraguay,PRY,2022,6.9985027
Paraguay,PRY,2023,6.753068
Paraguay,PRY,2024,1.5342247
Peru,PER,2012,0.92897093
Peru,PER,2013,0.6368785
Peru,PER,2014,0.5117863
Peru,PER,2015,0.7068673
Peru,PER,2016,0.9973825
Peru,PER,2017,0.49625045
Peru,PER,2018,0.622551
Peru,PER,2019,0.87603444
Peru,PER,2020,0.97478795
Peru,PER,2021,0.6407199
Peru,PER,2022,0.99807507
Peru,PER,2023,0.48620236
Peru,PER,2024,0.012561274
Philippines,PHL,2012,0.45433
Philippines,PHL,2013,0.6162033
Philippines,PHL,2014,0.91993666
Philippines,PHL,2015,1.3822334
Philippines,PHL,2016,1.56897
Philippines,PHL,2017,0.56733
Philippines,PHL,2018,0.5843667
Philippines,PHL,2019,1.4074733
Philippines,PHL,2020,1.1035267
Philippines,PHL,2021,0.46841666
Philippines,PHL,2022,0.40172333
Philippines,PHL,2023,0.6785833
Philippines,PHL,2024,0.77723
Pitcairn,PCN,2012,0
Pitcairn,PCN,2013,0
Pitcairn,PCN,2014,0
Pitcairn,PCN,2015,0
Pitcairn,PCN,2016,0
Pitcairn,PCN,2017,0
Pitcairn,PCN,2018,0
Pitcairn,PCN,2019,0
Pitcairn,PCN,2020,0
Pitcairn,PCN,2021,0
Pitcairn,PCN,2022,0
Pitcairn,PCN,2023,0
Pitcairn,PCN,2024,0
Poland,POL,2012,0.01839404
Poland,POL,2013,0.0040292926
Poland,POL,2014,0.014937162
Poland,POL,2015,0.021000288
Poland,POL,2016,0.010245915
Poland,POL,2017,0.003412107
Poland,POL,2018,0.012407662
Poland,POL,2019,0.016376195
Poland,POL,2020,0.031837806
Poland,POL,2021,0.0044354196
Poland,POL,2022,0.012356496
Poland,POL,2023,0.0036551435
Poland,POL,2024,0
Portugal,PRT,2012,1.5307167
Portugal,PRT,2013,2.011558
Portugal,PRT,2014,0.25384367
Portugal,PRT,2015,0.8702266
Portugal,PRT,2016,2.258018
Portugal,PRT,2017,3.802136
Portugal,PRT,2018,0.48070043
Portugal,PRT,2019,0.53051066
Portugal,PRT,2020,0.6558061
Portugal,PRT,2021,0.4006397
Portugal,PRT,2022,1.021338
Portugal,PRT,2023,0.425946
Portugal,PRT,2024,0.0253063
Puerto Rico,PRI,2012,0.2248027
Puerto Rico,PRI,2013,0.41025928
Puerto Rico,PRI,2014,0.22040586
Puerto Rico,PRI,2015,0.17226607
Puerto Rico,PRI,2016,0.1498309
Puerto Rico,PRI,2017,0.11589628
Puerto Rico,PRI,2018,0.17012401
Puerto Rico,PRI,2019,0.2837655
Puerto Rico,PRI,2020,0
Puerto Rico,PRI,2021,0.09323563
Puerto Rico,PRI,2022,0.15524238
Puerto Rico,PRI,2023,0.07474634
Puerto Rico,PRI,2024,0.04284104
Qatar,QAT,2012,0.08198433
Qatar,QAT,2013,0.105483025
Qatar,QAT,2014,0.18790253
Qatar,QAT,2015,0.17310704
Qatar,QAT,2016,0.21488251
Qatar,QAT,2017,0.12654482
Qatar,QAT,2018,0.09425587
Qatar,QAT,2019,0.17937337
Qatar,QAT,2020,0.028981723
Qatar,QAT,2021,0
Qatar,QAT,2022,0
Qatar,QAT,2023,0
Qatar,QAT,2024,0
Reunion,REU,2012,0
Reunion,REU,2013,0.114285715
Reunion,REU,2014,0.33055556
Reunion,REU,2015,4.207143
Reunion,REU,2016,1.520635
Reunion,REU,2017,3.8329365
Reunion,REU,2018,2.8718255
Reunion,REU,2019,4.097619
Reunion,REU,2020,3.3972223
Reunion,REU,2021,4.1849203
Reunion,REU,2022,4.371429
Reunion,REU,2023,1.4436508
Reunion,REU,2024,0
Romania,ROU,2012,1.3828901
Romania,ROU,2013,0.7075923
Romania,ROU,2014,0.7057844
Romania,ROU,2015,0.64296144
Romania,ROU,2016,0.9400294
Romania,ROU,2017,0.8131208
Romania,ROU,2018,0.6991233
Romania,ROU,2019,1.0338213
Romania,ROU,2020,0.8349665
Romania,ROU,2021,0.6226468
Romania,ROU,2022,0.891854
Romania,ROU,2023,0.169375
Romania,ROU,2024,0.07992031
Russia,RUS,2012,1.4754052
Russia,RUS,2013,0.6048895
Russia,RUS,2014,1.15375
Russia,RUS,2015,0.82804185
Russia,RUS,2016,0.8998308
Russia,RUS,2017,0.6679019
Russia,RUS,2018,0.83497334
Russia,RUS,2019,0.94642234
Russia,RUS,2020,0.9592105
Russia,RUS,2021,1.014399
Russia,RUS,2022,0.61693203
Russia,RUS,2023,0.6038412
Russia,RUS,2024,0.036516074
Rwanda,RWA,2012,0.8639712
Rwanda,RWA,2013,1.8181852
Rwanda,RWA,2014,0.6435839
Rwanda,RWA,2015,1.7590357
Rwanda,RWA,2016,1.6076689
Rwanda,RWA,2017,0.8873197
Rwanda,RWA,2018,0.63276386
Rwanda,RWA,2019,0.9743736
Rwanda,RWA,2020,0.9157935
Rwanda,RWA,2021,0.7471906
Rwanda,RWA,2022,0.9230448
Rwanda,RWA,2023,0.50960517
Rwanda,RWA,2024,0
Saint Helena,SHN,2012,0
Saint Helena,SHN,2013,0
Saint Helena,SHN,2014,0
Saint Helena,SHN,2015,0
Saint Helena,SHN,2016,0
Saint Helena,SHN,2017,0
Saint Helena,SHN,2018,0
Saint Helena,SHN,2019,0
Saint Helena,SHN,2020,0
Saint Helena,SHN,2021,0
Saint Helena,SHN,2022,0
Saint Helena,SHN,2023,0
Saint Helena,SHN,2024,0
Saint Kitts and Nevis,KNA,2012,0
Saint Kitts and Nevis,KNA,2013,0.77692306
Saint Kitts and Nevis,KNA,2014,2.2307692
Saint Kitts and Nevis,KNA,2015,0.7692308
Saint Kitts and Nevis,KNA,2016,0
Saint Kitts and Nevis,KNA,2017,1.2115384
Saint Kitts and Nevis,KNA,2018,1.9846153
Saint Kitts and Nevis,KNA,2019,2.25
Saint Kitts and Nevis,KNA,2020,0.65384614
Saint Kitts and Nevis,KNA,2021,0
Saint Kitts and Nevis,KNA,2022,1.9730769
Saint Kitts and Nevis,KNA,2023,0
Saint Kitts and Nevis,KNA,2024,0
Saint Lucia,LCA,2012,0
Saint Lucia,LCA,2013,0
Saint Lucia,LCA,2014,0
Saint Lucia,LCA,2015,0.37903225
Saint Lucia,LCA,2016,0
Saint Lucia,LCA,2017,0
Saint Lucia,LCA,2018,0
Saint Lucia,LCA,2019,0
Saint Lucia,LCA,2020,0.28548387
Saint Lucia,LCA,2021,0
Saint Lucia,LCA,2022,0
Saint Lucia,LCA,2023,0
Saint Lucia,LCA,2024,0
Saint Martin (French part),MAF,2012,0
Saint Martin (French part),MAF,2013,0
Saint Martin (French part),MAF,2014,0
Saint Martin (French part),MAF,2015,0
Saint Martin (French part),MAF,2016,0
Saint Martin (French part),MAF,2017,0
Saint Martin (French part),MAF,2018,0
Saint Martin (French part),MAF,2019,0
Saint Martin (French part),MAF,2020,0
Saint Martin (French part),MAF,2021,0
Saint Martin (French part),MAF,2022,0
Saint Martin (French part),MAF,2023,0
Saint Martin (French part),MAF,2024,0
Saint Pierre and Miquelon,SPM,2012,0
Saint Pierre and Miquelon,SPM,2013,0
Saint Pierre and Miquelon,SPM,2014,0
Saint Pierre and Miquelon,SPM,2015,0
Saint Pierre and Miquelon,SPM,2016,0
Saint Pierre and Miquelon,SPM,2017,0
Saint Pierre and Miquelon,SPM,2018,0
Saint Pierre and Miquelon,SPM,2019,0
Saint Pierre and Miquelon,SPM,2020,0
Saint Pierre and Miquelon,SPM,2021,0
Saint Pierre and Miquelon,SPM,2022,0
Saint Pierre and Miquelon,SPM,2023,0
Saint Pierre and Miquelon,SPM,2024,0
Saint Vincent and the Grenadines,VCT,2012,0
Saint Vincent and the Grenadines,VCT,2013,0
Saint Vincent and the Grenadines,VCT,2014,0
Saint Vincent and the Grenadines,VCT,2015,0
Saint Vincent and the Grenadines,VCT,2016,0
Saint Vincent and the Grenadines,VCT,2017,0
Saint Vincent and the Grenadines,VCT,2018,0
Saint Vincent and the Grenadines,VCT,2019,0
Saint Vincent and the Grenadines,VCT,2020,0.6282051
Saint Vincent and the Grenadines,VCT,2021,4.3948717
Saint Vincent and the Grenadines,VCT,2022,0
Saint Vincent and the Grenadines,VCT,2023,0
Saint Vincent and the Grenadines,VCT,2024,0
Samoa,WSM,2012,0
Samoa,WSM,2013,0
Samoa,WSM,2014,0
Samoa,WSM,2015,0
Samoa,WSM,2016,0
Samoa,WSM,2017,0
Samoa,WSM,2018,0
Samoa,WSM,2019,0
Samoa,WSM,2020,0
Samoa,WSM,2021,0
Samoa,WSM,2022,0
Samoa,WSM,2023,0
Samoa,WSM,2024,0
San Marino,SMR,2012,0
San Marino,SMR,2013,0
San Marino,SMR,2014,0
San Marino,SMR,2015,0
San Marino,SMR,2016,0
San Marino,SMR,2017,0
San Marino,SMR,2018,0
San Marino,SMR,2019,0
San Marino,SMR,2020,0
San Marino,SMR,2021,0
San Marino,SMR,2022,0
San Marino,SMR,2023,0
San Marino,SMR,2024,0
Sao Tome and Principe,STP,2012,0.76875
Sao Tome and Principe,STP,2013,0
Sao Tome and Principe,STP,2014,0
Sao Tome and Principe,STP,2015,0
Sao Tome and Principe,STP,2016,0
Sao Tome and Principe,STP,2017,0
Sao Tome and Principe,STP,2018,0
Sao Tome and Principe,STP,2019,0.584375
Sao Tome and Principe,STP,2020,0.703125
Sao Tome and Principe,STP,2021,0
Sao Tome and Principe,STP,2022,0
Sao Tome and Principe,STP,2023,0
Sao Tome and Principe,STP,2024,0
Saudi Arabia,SAU,2012,0.003933591
Saudi Arabia,SAU,2013,0.00468021
Saudi Arabia,SAU,2014,0.00462997
Saudi Arabia,SAU,2015,0.0041359453
Saudi Arabia,SAU,2016,0.0036344775
Saudi Arabia,SAU,2017,0.0034302622
Saudi Arabia,SAU,2018,0.002803195
Saudi Arabia,SAU,2019,0.0036716922
Saudi Arabia,SAU,2020,0.0032618658
Saudi Arabia,SAU,2021,0.004779759
Saudi Arabia,SAU,2022,0.0046113627
Saudi Arabia,SAU,2023,0.0034902708
Saudi Arabia,SAU,2024,0.0006954492
Senegal,SEN,2012,8.313365
Senegal,SEN,2013,10.977245
Senegal,SEN,2014,10.702765
Senegal,SEN,2015,7.3401656
Senegal,SEN,2016,11.936643
Senegal,SEN,2017,12.687403
Senegal,SEN,2018,5.916242
Senegal,SEN,2019,10.393076
Senegal,SEN,2020,13.004336
Senegal,SEN,2021,13.15623
Senegal,SEN,2022,14.556708
Senegal,SEN,2023,14.93399
Senegal,SEN,2024,5.0167813
Serbia,SRB,2012,1.5919638
Serbia,SRB,2013,0.64873517
Serbia,SRB,2014,0.1278974
Serbia,SRB,2015,0.3800447
Serbia,SRB,2016,0.24805272
Serbia,SRB,2017,0.8082951
Serbia,SRB,2018,3.010166
Serbia,SRB,2019,2.0208614
Serbia,SRB,2020,0.33914578
Serbia,SRB,2021,0.41047183
Serbia,SRB,2022,0.31282505
Serbia,SRB,2023,0.36723143
Serbia,SRB,2024,0.09398753
Seychelles,SYC,2012,0
Seychelles,SYC,2013,0
Seychelles,SYC,2014,0
Seychelles,SYC,2015,0
Seychelles,SYC,2016,0
Seychelles,SYC,2017,0
Seychelles,SYC,2018,0
Seychelles,SYC,2019,0
Seychelles,SYC,2020,0
Seychelles,SYC,2021,0
Seychelles,SYC,2022,0
Seychelles,SYC,2023,0
Seychelles,SYC,2024,0
Sierra Leone,SLE,2012,37.197067
Sierra Leone,SLE,2013,32.565285
Sierra Leone,SLE,2014,43.333126
Sierra Leone,SLE,2015,46.07376
Sierra Leone,SLE,2016,29.317995
Sierra Leone,SLE,2017,28.639475
Sierra Leone,SLE,2018,20.81011
Sierra Leone,SLE,2019,29.328852
Sierra Leone,SLE,2020,27.206625
Sierra Leone,SLE,2021,18.641066
Sierra Leone,SLE,2022,29.295864
Sierra Leone,SLE,2023,27.728935
Sierra Leone,SLE,2024,14.722338
Singapore,SGP,2012,0
Singapore,SGP,2013,0
Singapore,SGP,2014,0
Singapore,SGP,2015,0
Singapore,SGP,2016,0
Singapore,SGP,2017,0
Singapore,SGP,2018,0
Singapore,SGP,2019,0
Singapore,SGP,2020,0
Singapore,SGP,2021,0
Singapore,SGP,2022,0
Singapore,SGP,2023,0
Singapore,SGP,2024,0
Sint Maarten (Dutch part),SXM,2012,0
Sint Maarten (Dutch part),SXM,2013,0
Sint Maarten (Dutch part),SXM,2014,0
Sint Maarten (Dutch part),SXM,2015,0
Sint Maarten (Dutch part),SXM,2016,0
Sint Maarten (Dutch part),SXM,2017,0
Sint Maarten (Dutch part),SXM,2018,0
Sint Maarten (Dutch part),SXM,2019,0
Sint Maarten (Dutch part),SXM,2020,0
Sint Maarten (Dutch part),SXM,2021,0
Sint Maarten (Dutch part),SXM,2022,0
Sint Maarten (Dutch part),SXM,2023,0
Sint Maarten (Dutch part),SXM,2024,0
Slovakia,SVK,2012,0.053701814
Slovakia,SVK,2013,0.0193351
Slovakia,SVK,2014,0.028125636
Slovakia,SVK,2015,0.01962064
Slovakia,SVK,2016,0.008953702
Slovakia,SVK,2017,0.013359168
Slovakia,SVK,2018,0.01613298
Slovakia,SVK,2019,0.0058127674
Slovakia,SVK,2020,0.013297981
Slovakia,SVK,2021,0
Slovakia,SVK,2022,0.02892107
Slovakia,SVK,2023,0.0025494595
Slovakia,SVK,2024,0
Slovenia,SVN,2012,0.02265625
Slovenia,SVN,2013,0.008300781
Slovenia,SVN,2014,0
Slovenia,SVN,2015,0
Slovenia,SVN,2016,0.046679687
Slovenia,SVN,2017,0.045654297
Slovenia,SVN,2018,0
Slovenia,SVN,2019,0.007958985
Slovenia,SVN,2020,0
Slovenia,SVN,2021,0
Slovenia,SVN,2022,0.092480466
Slovenia,SVN,2023,0.0037597655
Slovenia,SVN,2024,0
Solomon Islands,SLB,2012,0.21626298
Solomon Islands,SLB,2013,0.0046712803
Solomon Islands,SLB,2014,0.0135294115
Solomon Islands,SLB,2015,0.07152249
Solomon Islands,SLB,2016,0.021314878
Solomon Islands,SLB,2017,0.012352942
Solomon Islands,SLB,2018,0.019688582
Solomon Islands,SLB,2019,0.10020761
Solomon Islands,SLB,2020,0.082975775
Solomon Islands,SLB,2021,0.065536335
Solomon Islands,SLB,2022,0.13418685
Solomon Islands,SLB,2023,0.08775087
Solomon Islands,SLB,2024,0.01948097
Somalia,SOM,2012,0.13260671
Somalia,SOM,2013,0.1183154
Somalia,SOM,2014,0.08339554
Somalia,SOM,2015,0.014700624
Somalia,SOM,2016,0.042746916
Somalia,SOM,2017,0.013551109
Somalia,SOM,2018,0.008371232
Somalia,SOM,2019,0.030453533
Somalia,SOM,2020,0.02477182
Somalia,SOM,2021,0.03624659
Somalia,SOM,2022,0.016375499
Somalia,SOM,2023,0.013002227
Somalia,SOM,2024,0.01008688
South Africa,ZAF,2012,3.2231057
South Africa,ZAF,2013,3.494774
South Africa,ZAF,2014,3.3350139
South Africa,ZAF,2015,2.3484173
South Africa,ZAF,2016,1.716171
South Africa,ZAF,2017,2.7986326
South Africa,ZAF,2018,2.3237982
South Africa,ZAF,2019,2.7202857
South Africa,ZAF,2020,2.5478184
South Africa,ZAF,2021,3.3779614
South Africa,ZAF,2022,2.787051
South Africa,ZAF,2023,3.1893692
South Africa,ZAF,2024,0.2183637
South America,,2012,3.118078
South America,,2013,2.1205058
South America,,2014,2.5041716
South America,,2015,3.2478929
South America,,2016,3.0143652
South America,,2017,3.2244904
South America,,2018,2.044311
South America,,2019,3.3777976
South America,,2020,4.1727986
South America,,2021,2.8064184
South America,,2022,3.348033
South America,,2023,2.8323205
South America,,2024,0.75643367
South Korea,KOR,2012,0.010843374
South Korea,KOR,2013,0.037568457
South Korea,KOR,2014,0.07515683
South Korea,KOR,2015,0.07019815
South Korea,KOR,2016,0.039261177
South Korea,KOR,2017,0.08546251
South Korea,KOR,2018,0.033635367
South Korea,KOR,2019,0.06577715
South Korea,KOR,2020,0.07835308
South Korea,KOR,2021,0.014696803
South Korea,KOR,2022,0.35349995
South Korea,KOR,2023,0.053380463
South Korea,KOR,2024,0
South Sudan,SSD,2012,29.282087
South Sudan,SSD,2013,34.006165
South Sudan,SSD,2014,35.76045
South Sudan,SSD,2015,40.87489
South Sudan,SSD,2016,40.337948
South Sudan,SSD,2017,34.46027
South Sudan,SSD,2018,21.244503
South Sudan,SSD,2019,24.441711
South Sudan,SSD,2020,35.643723
South Sudan,SSD,2021,35.822113
South Sudan,SSD,2022,26.313604
South Sudan,SSD,2023,27.681568
South Sudan,SSD,2024,17.462414
Spain,ESP,2012,0.58165133
Spain,ESP,2013,0.19468951
Spain,ESP,2014,0.1697767
Spain,ESP,2015,0.28711495
Spain,ESP,2016,0.23074539
Spain,ESP,2017,0.47187886
Spain,ESP,2018,0.0896031
Spain,ESP,2019,0.28211063
Spain,ESP,2020,0.20822406
Spain,ESP,2021,0.25205913
Spain,ESP,2022,0.69034475
Spain,ESP,2023,0.2779997
Spain,ESP,2024,0.027041417
Sri Lanka,LKA,2012,1.3439567
Sri Lanka,LKA,2013,1.1642737
Sri Lanka,LKA,2014,1.0841182
Sri Lanka,LKA,2015,0.43802774
Sri Lanka,LKA,2016,1.0118731
Sri Lanka,LKA,2017,0.39821672
Sri Lanka,LKA,2018,0.68747145
Sri Lanka,LKA,2019,0.7162475
Sri Lanka,LKA,2020,0.5087334
Sri Lanka,LKA,2021,0.25451913
Sri Lanka,LKA,2022,0.39285168
Sri Lanka,LKA,2023,0.6438195
Sri Lanka,LKA,2024,0.017817406
Sudan,SDN,2012,2.602825
Sudan,SDN,2013,2.4934185
Sudan,SDN,2014,2.3049397
Sudan,SDN,2015,2.223633
Sudan,SDN,2016,2.3315213
Sudan,SDN,2017,2.27732
Sudan,SDN,2018,1.1140884
Sudan,SDN,2019,2.1665952
Sudan,SDN,2020,2.659238
Sudan,SDN,2021,2.7469344
Sudan,SDN,2022,1.7474654
Sudan,SDN,2023,2.2436235
Sudan,SDN,2024,0.55724496
Suriname,SUR,2012,0.3525821
Suriname,SUR,2013,0.11411916
Suriname,SUR,2014,0.21992432
Suriname,SUR,2015,0.36741546
Suriname,SUR,2016,0.32557076
Suriname,SUR,2017,0.1646136
Suriname,SUR,2018,0.25220364
Suriname,SUR,2019,0.2777988
Suriname,SUR,2020,0.2627335
Suriname,SUR,2021,0.0868148
Suriname,SUR,2022,0.07434379
Suriname,SUR,2023,0.6839702
Suriname,SUR,2024,0.7600659
Sweden,SWE,2012,0.0037098615
Sweden,SWE,2013,0.0053549074
Sweden,SWE,2014,0.03907267
Sweden,SWE,2015,0.0055326475
Sweden,SWE,2016,0.0036663716
Sweden,SWE,2017,0.0034205604
Sweden,SWE,2018,0.06405278
Sweden,SWE,2019,0.00483114
Sweden,SWE,2020,0.030474944
Sweden,SWE,2021,0.0034564866
Sweden,SWE,2022,0.0028079227
Sweden,SWE,2023,0.0020553614
Sweden,SWE,2024,0
Switzerland,CHE,2012,0
Switzerland,CHE,2013,0
Switzerland,CHE,2014,0
Switzerland,CHE,2015,0.0039234017
Switzerland,CHE,2016,0.012230358
Switzerland,CHE,2017,0.0065632216
Switzerland,CHE,2018,0.007774148
Switzerland,CHE,2019,0.0003148409
Switzerland,CHE,2020,0.0038749648
Switzerland,CHE,2021,0.0024218531
Switzerland,CHE,2022,0.017921712
Switzerland,CHE,2023,0.009203042
Switzerland,CHE,2024,0
Syria,SYR,2012,0.37963602
Syria,SYR,2013,0.51938117
Syria,SYR,2014,0.18404256
Syria,SYR,2015,0.5699482
Syria,SYR,2016,0.31646505
Syria,SYR,2017,0.24115995
Syria,SYR,2018,0.19530727
Syria,SYR,2019,1.9454153
Syria,SYR,2020,1.2149584
Syria,SYR,2021,0.21992116
Syria,SYR,2022,0.15760341
Syria,SYR,2023,0.26863593
Syria,SYR,2024,0.012684955
Taiwan,TWN,2012,0.00839822
Taiwan,TWN,2013,0.012096774
Taiwan,TWN,2014,0.034093436
Taiwan,TWN,2015,0.06095662
Taiwan,TWN,2016,0.010150166
Taiwan,TWN,2017,0.009788655
Taiwan,TWN,2018,0.027669631
Taiwan,TWN,2019,0.036206897
Taiwan,TWN,2020,0.036874305
Taiwan,TWN,2021,0.056034483
Taiwan,TWN,2022,0.010901001
Taiwan,TWN,2023,0.06621246
Taiwan,TWN,2024,0.0046162405
Tajikistan,TJK,2012,0.019196628
Tajikistan,TJK,2013,0.09850826
Tajikistan,TJK,2014,0.0599594
Tajikistan,TJK,2015,0.024232736
Tajikistan,TJK,2016,0.045501806
Tajikistan,TJK,2017,0.028596893
Tajikistan,TJK,2018,0.0141251525
Tajikistan,TJK,2019,0.023928588
Tajikistan,TJK,2020,0.039475452
Tajikistan,TJK,2021,0.028321037
Tajikistan,TJK,2022,0.023504198
Tajikistan,TJK,2023,0.015377107
Tajikistan,TJK,2024,0.0040953746
Tanzania,TZA,2012,12.36191
Tanzania,TZA,2013,11.515664
Tanzania,TZA,2014,9.803337
Tanzania,TZA,2015,12.21154
Tanzania,TZA,2016,12.496677
Tanzania,TZA,2017,9.51579
Tanzania,TZA,2018,8.734464
Tanzania,TZA,2019,9.65438
Tanzania,TZA,2020,10.78501
Tanzania,TZA,2021,10.2941675
Tanzania,TZA,2022,7.9882326
Tanzania,TZA,2023,6.9010124
Tanzania,TZA,2024,0.029035153
Thailand,THA,2012,4.7225485
Thailand,THA,2013,5.11112
Thailand,THA,2014,5.4225698
Thailand,THA,2015,4.96981
Thailand,THA,2016,7.2365565
Thailand,THA,2017,3.6370497
Thailand,THA,2018,1.9886576
Thailand,THA,2019,7.654336
Thailand,THA,2020,7.6544495
Thailand,THA,2021,3.2215466
Thailand,THA,2022,0.90740764
Thailand,THA,2023,5.6055017
Thailand,THA,2024,3.0569847
Togo,TGO,2012,11.437823
Togo,TGO,2013,16.926096
Togo,TGO,2014,13.311164
Togo,TGO,2015,18.255924
Togo,TGO,2016,14.409561
Togo,TGO,2017,14.066702
Togo,TGO,2018,7.8279624
Togo,TGO,2019,11.219705
Togo,TGO,2020,13.357264
Togo,TGO,2021,10.381687
Togo,TGO,2022,12.044321
Togo,TGO,2023,7.118806
Togo,TGO,2024,5.614263
Tokelau,TKL,2012,0
Tokelau,TKL,2013,0
Tokelau,TKL,2014,0
Tokelau,TKL,2015,0
Tokelau,TKL,2016,0
Tokelau,TKL,2017,0
Tokelau,TKL,2018,0
Tokelau,TKL,2019,0
Tokelau,TKL,2020,0
Tokelau,TKL,2021,0
Tokelau,TKL,2022,0
Tokelau,TKL,2023,0
Tokelau,TKL,2024,0
Tonga,TON,2012,0
Tonga,TON,2013,0
Tonga,TON,2014,0
Tonga,TON,2015,0
Tonga,TON,2016,0
Tonga,TON,2017,0
Tonga,TON,2018,0
Tonga,TON,2019,0
Tonga,TON,2020,0
Tonga,TON,2021,0
Tonga,TON,2022,0
Tonga,TON,2023,0
Tonga,TON,2024,0
Trinidad and Tobago,TTO,2012,0.13781676
Trinidad and Tobago,TTO,2013,0.45224172
Trinidad and Tobago,TTO,2014,1.0711501
Trinidad and Tobago,TTO,2015,0.30779725
Trinidad and Tobago,TTO,2016,1.9440546
Trinidad and Tobago,TTO,2017,0.66803116
Trinidad and Tobago,TTO,2018,0.32729045
Trinidad and Tobago,TTO,2019,0.7031189
Trinidad and Tobago,TTO,2020,1.5908382
Trinidad and Tobago,TTO,2021,0.030409355
Trinidad and Tobago,TTO,2022,0.15672514
Trinidad and Tobago,TTO,2023,0.78050685
Trinidad and Tobago,TTO,2024,1.394152
Tunisia,TUN,2012,0.119876534
Tunisia,TUN,2013,0.17177434
Tunisia,TUN,2014,0.19024509
Tunisia,TUN,2015,0.10762178
Tunisia,TUN,2016,0.08295948
Tunisia,TUN,2017,0.23508956
Tunisia,TUN,2018,0.025145162
Tunisia,TUN,2019,0.09487806
Tunisia,TUN,2020,0.16723917
Tunisia,TUN,2021,0.25215453
Tunisia,TUN,2022,0.13449055
Tunisia,TUN,2023,0.06558279
Tunisia,TUN,2024,0
Turkey,TUR,2012,0.37189406
Turkey,TUR,2013,0.70348126
Turkey,TUR,2014,0.35715923
Turkey,TUR,2015,1.1885275
Turkey,TUR,2016,0.8738397
Turkey,TUR,2017,0.5063895
Turkey,TUR,2018,0.40604317
Turkey,TUR,2019,0.39934552
Turkey,TUR,2020,0.50393456
Turkey,TUR,2021,0.506895
Turkey,TUR,2022,0.18100338
Turkey,TUR,2023,0.30278856
Turkey,TUR,2024,0.012031578
Turkmenistan,TKM,2012,0.11593321
Turkmenistan,TKM,2013,0.16679575
Turkmenistan,TKM,2014,0.17468551
Turkmenistan,TKM,2015,0.202479
Turkmenistan,TKM,2016,0.28875232
Turkmenistan,TKM,2017,0.18205695
Turkmenistan,TKM,2018,0.13665028
Turkmenistan,TKM,2019,0.38738167
Turkmenistan,TKM,2020,0.28597623
Turkmenistan,TKM,2021,0.18196271
Turkmenistan,TKM,2022,0.13127229
Turkmenistan,TKM,2023,0.049916
Turkmenistan,TKM,2024,0.009807417
Turks and Caicos Islands,TCA,2012,0
Turks and Caicos Islands,TCA,2013,0
Turks and Caicos Islands,TCA,2014,0
Turks and Caicos Islands,TCA,2015,0
Turks and Caicos Islands,TCA,2016,0
Turks and Caicos Islands,TCA,2017,0
Turks and Caicos Islands,TCA,2018,0.4
Turks and Caicos Islands,TCA,2019,0
Turks and Caicos Islands,TCA,2020,0.25157896
Turks and Caicos Islands,TCA,2021,0
Turks and Caicos Islands,TCA,2022,0
Turks and Caicos Islands,TCA,2023,0.10736842
Turks and Caicos Islands,TCA,2024,0
Tuvalu,TUV,2012,0
Tuvalu,TUV,2013,0
Tuvalu,TUV,2014,0
Tuvalu,TUV,2015,0
Tuvalu,TUV,2016,0
Tuvalu,TUV,2017,0
Tuvalu,TUV,2018,0
Tuvalu,TUV,2019,0
Tuvalu,TUV,2020,0
Tuvalu,TUV,2021,0
Tuvalu,TUV,2022,0
Tuvalu,TUV,2023,0
Tuvalu,TUV,2024,0
Uganda,UGA,2012,9.3416395
Uganda,UGA,2013,11.364525
Uganda,UGA,2014,7.752229
Uganda,UGA,2015,10.624289
Uganda,UGA,2016,12.682476
Uganda,UGA,2017,10.092486
Uganda,UGA,2018,5.760025
Uganda,UGA,2019,5.3719974
Uganda,UGA,2020,8.2356615
Uganda,UGA,2021,8.38457
Uganda,UGA,2022,4.842658
Uganda,UGA,2023,5.6105404
Uganda,UGA,2024,2.1812377
Ukraine,UKR,2012,0.9981393
Ukraine,UKR,2013,0.8242035
Ukraine,UKR,2014,3.678575
Ukraine,UKR,2015,3.434915
Ukraine,UKR,2016,1.841516
Ukraine,UKR,2017,2.6584609
Ukraine,UKR,2018,1.2447983
Ukraine,UKR,2019,1.7748058
Ukraine,UKR,2020,1.8286737
Ukraine,UKR,2021,0.56714773
Ukraine,UKR,2022,1.1713428
Ukraine,UKR,2023,0.7352531
Ukraine,UKR,2024,0.17617099
United Arab Emirates,ARE,2012,0.0014800113
United Arab Emirates,ARE,2013,0
United Arab Emirates,ARE,2014,0.0011758993
United Arab Emirates,ARE,2015,0.010694602
United Arab Emirates,ARE,2016,0.0011758993
United Arab Emirates,ARE,2017,0.0023517986
United Arab Emirates,ARE,2018,0.0013887776
United Arab Emirates,ARE,2019,0.00024328951
United Arab Emirates,ARE,2020,0.005321958
United Arab Emirates,ARE,2021,0
United Arab Emirates,ARE,2022,0.0032742713
United Arab Emirates,ARE,2023,0
United Arab Emirates,ARE,2024,0.0024227584
United Kingdom,GBR,2012,0.057349864
United Kingdom,GBR,2013,0.046233736
United Kingdom,GBR,2014,0.022228152
United Kingdom,GBR,2015,0.041069742
United Kingdom,GBR,2016,0.024255984
United Kingdom,GBR,2017,0.055896718
United Kingdom,GBR,2018,0.082094334
United Kingdom,GBR,2019,0.1153483
United Kingdom,GBR,2020,0.05645499
United Kingdom,GBR,2021,0.02121834
United Kingdom,GBR,2022,0.09529576
United Kingdom,GBR,2023,0.04145971
United Kingdom,GBR,2024,0.0017897459
United States,USA,2012,0.6104135
United States,USA,2013,0.4620331
United States,USA,2014,0.47732547
United States,USA,2015,0.6725165
United States,USA,2016,0.57038504
United States,USA,2017,0.7011553
United States,USA,2018,0.5709422
United States,USA,2019,0.51388556
United States,USA,2020,0.74302423
United States,USA,2021,0.69420713
United States,USA,2022,0.6675276
United States,USA,2023,0.45803982
United States,USA,2024,0.16845328
United States Virgin Islands,VIR,2012,0
United States Virgin Islands,VIR,2013,0
United States Virgin Islands,VIR,2014,0
United States Virgin Islands,VIR,2015,0
United States Virgin Islands,VIR,2016,0
United States Virgin Islands,VIR,2017,0
United States Virgin Islands,VIR,2018,0.5314286
United States Virgin Islands,VIR,2019,0
United States Virgin Islands,VIR,2020,0
United States Virgin Islands,VIR,2021,0
United States Virgin Islands,VIR,2022,0
United States Virgin Islands,VIR,2023,0
United States Virgin Islands,VIR,2024,0
Uruguay,URY,2012,0.24588016
Uruguay,URY,2013,0.19386563
Uruguay,URY,2014,0.10380774
Uruguay,URY,2015,0.3989899
Uruguay,URY,2016,0.11856203
Uruguay,URY,2017,0.11788673
Uruguay,URY,2018,0.16595732
Uruguay,URY,2019,0.17515606
Uruguay,URY,2020,0.4336114
Uruguay,URY,2021,0.31053796
Uruguay,URY,2022,0.21910113
Uruguay,URY,2023,0.1855181
Uruguay,URY,2024,0.0034502326
Uzbekistan,UZB,2012,0.25365987
Uzbekistan,UZB,2013,0.27597323
Uzbekistan,UZB,2014,0.3148239
Uzbekistan,UZB,2015,0.20453574
Uzbekistan,UZB,2016,0.19949925
Uzbekistan,UZB,2017,0.22598258
Uzbekistan,UZB,2018,0.24687697
Uzbekistan,UZB,2019,0.22390872
Uzbekistan,UZB,2020,0.2318633
Uzbekistan,UZB,2021,0.31886244
Uzbekistan,UZB,2022,0.17983891
Uzbekistan,UZB,2023,0.1377605
Uzbekistan,UZB,2024,0.011184521
Vanuatu,VUT,2012,1.9924529
Vanuatu,VUT,2013,2.5671864
Vanuatu,VUT,2014,2.6099262
Vanuatu,VUT,2015,3.3435602
Vanuatu,VUT,2016,2.6439705
Vanuatu,VUT,2017,2.8036096
Vanuatu,VUT,2018,2.6694832
Vanuatu,VUT,2019,0.9696473
Vanuatu,VUT,2020,0.88753074
Vanuatu,VUT,2021,0.6392945
Vanuatu,VUT,2022,0.65652174
Vanuatu,VUT,2023,0.8212469
Vanuatu,VUT,2024,0.10623462
Vatican,VAT,2012,0
Vatican,VAT,2013,0
Vatican,VAT,2014,0
Vatican,VAT,2015,0
Vatican,VAT,2016,0
Vatican,VAT,2017,0
Vatican,VAT,2018,0
Vatican,VAT,2019,0
Vatican,VAT,2020,0
Vatican,VAT,2021,0
Vatican,VAT,2022,0
Vatican,VAT,2023,0
Vatican,VAT,2024,0
Venezuela,VEN,2012,2.2909653
Venezuela,VEN,2013,4.9405046
Venezuela,VEN,2014,5.104092
Venezuela,VEN,2015,4.1139464
Venezuela,VEN,2016,5.115159
Venezuela,VEN,2017,3.166618
Venezuela,VEN,2018,3.9074733
Venezuela,VEN,2019,6.8212037
Venezuela,VEN,2020,8.774446
Venezuela,VEN,2021,2.9629166
Venezuela,VEN,2022,5.1799254
Venezuela,VEN,2023,5.9212117
Venezuela,VEN,2024,8.357832
Vietnam,VNM,2012,3.748651
Vietnam,VNM,2013,3.1510653
Vietnam,VNM,2014,4.5271864
Vietnam,VNM,2015,4.000999
Vietnam,VNM,2016,3.828279
Vietnam,VNM,2017,1.5087795
Vietnam,VNM,2018,1.419053
Vietnam,VNM,2019,2.5595882
Vietnam,VNM,2020,2.6682138
Vietnam,VNM,2021,1.6443653
Vietnam,VNM,2022,1.0454428
Vietnam,VNM,2023,1.7322206
Vietnam,VNM,2024,1.044154
Wallis and Futuna,WLF,2012,0
Wallis and Futuna,WLF,2013,0
Wallis and Futuna,WLF,2014,0
Wallis and Futuna,WLF,2015,0
Wallis and Futuna,WLF,2016,0
Wallis and Futuna,WLF,2017,0
Wallis and Futuna,WLF,2018,0
Wallis and Futuna,WLF,2019,0
Wallis and Futuna,WLF,2020,0
Wallis and Futuna,WLF,2021,0
Wallis and Futuna,WLF,2022,0
Wallis and Futuna,WLF,2023,0
Wallis and Futuna,WLF,2024,0
Western Sahara,ESH,2012,0
Western Sahara,ESH,2013,0
Western Sahara,ESH,2014,0
Western Sahara,ESH,2015,0
Western Sahara,ESH,2016,0
Western Sahara,ESH,2017,0
Western Sahara,ESH,2018,0.00054511277
Western Sahara,ESH,2019,0
Western Sahara,ESH,2020,0.0009849623
Western Sahara,ESH,2021,0
Western Sahara,ESH,2022,0
Western Sahara,ESH,2023,0
Western Sahara,ESH,2024,0
World,OWID_WRL,2012,3.1072154
World,OWID_WRL,2013,2.7543144
World,OWID_WRL,2014,2.8845024
World,OWID_WRL,2015,3.1486826
World,OWID_WRL,2016,2.9543822
World,OWID_WRL,2017,2.923381
World,OWID_WRL,2018,2.3406503
World,OWID_WRL,2019,2.8928785
World,OWID_WRL,2020,2.901876
World,OWID_WRL,2021,2.7277904
World,OWID_WRL,2022,2.5845597
World,OWID_WRL,2023,2.839229
World,OWID_WRL,2024,0.6108907
Yemen,YEM,2012,0.0015114495
Yemen,YEM,2013,0.0022046706
Yemen,YEM,2014,0.0036157358
Yemen,YEM,2015,0.0009432355
Yemen,YEM,2016,0
Yemen,YEM,2017,0.0009792224
Yemen,YEM,2018,0.0018391197
Yemen,YEM,2019,0.0016894899
Yemen,YEM,2020,0.0006818569
Yemen,YEM,2021,0.0032804895
Yemen,YEM,2022,0.0025853743
Yemen,YEM,2023,0.0013826543
Yemen,YEM,2024,0
Zambia,ZMB,2012,31.110086
Zambia,ZMB,2013,31.159391
Zambia,ZMB,2014,28.04813
Zambia,ZMB,2015,31.539614
Zambia,ZMB,2016,30.914816
Zambia,ZMB,2017,28.292305
Zambia,ZMB,2018,27.307953
Zambia,ZMB,2019,28.955862
Zambia,ZMB,2020,25.810095
Zambia,ZMB,2021,24.244942
Zambia,ZMB,2022,27.050749
Zambia,ZMB,2023,25.246109
Zambia,ZMB,2024,0.1606981
Zimbabwe,ZWE,2012,8.371852
Zimbabwe,ZWE,2013,6.5623965
Zimbabwe,ZWE,2014,7.3267684
Zimbabwe,ZWE,2015,8.180453
Zimbabwe,ZWE,2016,5.577247
Zimbabwe,ZWE,2017,6.2583375
Zimbabwe,ZWE,2018,6.9377446
Zimbabwe,ZWE,2019,7.056078
Zimbabwe,ZWE,2020,3.1265202
Zimbabwe,ZWE,2021,5.4086347
Zimbabwe,ZWE,2022,7.7255607
Zimbabwe,ZWE,2023,6.1050515
Zimbabwe,ZWE,2024,0.017105129