Entity,Code,Year,Annual area burnt per wildfire
Afghanistan,AFG,2012,4814.7446
Afghanistan,AFG,2013,4389.3335
Afghanistan,AFG,2014,2741.1333
Afghanistan,AFG,2015,3417
Afghanistan,AFG,2016,5023.5264
Afghanistan,AFG,2017,7262.467
Afghanistan,AFG,2018,5949.4546
Afghanistan,AFG,2019,3983
Afghanistan,AFG,2020,12217.371
Afghanistan,AFG,2021,7697
Afghanistan,AFG,2022,1895
Afghanistan,AFG,2023,1641.25
Afghanistan,AFG,2024,714.5
Africa,,2012,21449.66
Africa,,2013,21139.15
Africa,,2014,20898.078
Africa,,2015,21189.672
Africa,,2016,21291.387
Africa,,2017,21271.22
Africa,,2018,18207.258
Africa,,2019,20750.387
Africa,,2020,20619.545
Africa,,2021,20549.299
Africa,,2022,20166.766
Africa,,2023,20479.137
Africa,,2024,5762.629
Akrotiri and Dhekelia,OWID_AKD,2012,6
Akrotiri and Dhekelia,OWID_AKD,2016,328
Akrotiri and Dhekelia,OWID_AKD,2018,105
Akrotiri and Dhekelia,OWID_AKD,2019,209
Akrotiri and Dhekelia,OWID_AKD,2022,53
Albania,ALB,2012,8166.3726
Albania,ALB,2013,3440.9714
Albania,ALB,2014,2072.1667
Albania,ALB,2015,5029.9683
Albania,ALB,2016,3893.65
Albania,ALB,2017,6097.996
Albania,ALB,2018,2601.9255
Albania,ALB,2019,5845.8486
Albania,ALB,2020,6405.4243
Albania,ALB,2021,7823.8447
Albania,ALB,2022,5459.843
Albania,ALB,2023,4917.6333
Albania,ALB,2024,624.5
Algeria,DZA,2012,11498.973
Algeria,DZA,2013,8846.956
Algeria,DZA,2014,11607.19
Algeria,DZA,2015,9749.217
Algeria,DZA,2016,10003.687
Algeria,DZA,2017,10972.65
Algeria,DZA,2018,6628.693
Algeria,DZA,2019,10906.952
Algeria,DZA,2020,11212.846
Algeria,DZA,2021,11844.349
Algeria,DZA,2022,9764.817
Algeria,DZA,2023,11500.186
Algeria,DZA,2024,1975.3334
Angola,AGO,2012,17785.756
Angola,AGO,2013,18503.67
Angola,AGO,2014,17419.992
Angola,AGO,2015,18273.479
Angola,AGO,2016,17882.05
Angola,AGO,2017,18563.113
Angola,AGO,2018,14837.797
Angola,AGO,2019,19025.658
Angola,AGO,2020,17530.477
Angola,AGO,2021,17515.805
Angola,AGO,2022,16960.004
Angola,AGO,2023,17015.682
Angola,AGO,2024,3732.3928
Antigua and Barbuda,ATG,2013,237
Antigua and Barbuda,ATG,2014,192
Antigua and Barbuda,ATG,2016,150
Antigua and Barbuda,ATG,2018,373
Antigua and Barbuda,ATG,2021,190
Antigua and Barbuda,ATG,2023,116
Argentina,ARG,2012,18741.062
Argentina,ARG,2013,19033.408
Argentina,ARG,2014,18607.596
Argentina,ARG,2015,21545.457
Argentina,ARG,2016,24935.682
Argentina,ARG,2017,22765.28
Argentina,ARG,2018,18136.738
Argentina,ARG,2019,19167.11
Argentina,ARG,2020,20922.45
Argentina,ARG,2021,17844.129
Argentina,ARG,2022,22607.074
Argentina,ARG,2023,20469.133
Argentina,ARG,2024,5838.414
Armenia,ARM,2012,4691.433
Armenia,ARM,2013,5475.194
Armenia,ARM,2014,3469.7222
Armenia,ARM,2015,4166.1904
Armenia,ARM,2016,5067.697
Armenia,ARM,2017,6614.436
Armenia,ARM,2018,3285.11
Armenia,ARM,2019,7545.3755
Armenia,ARM,2020,1785.5
Armenia,ARM,2021,2538.5
Armenia,ARM,2022,3328.5537
Armenia,ARM,2023,3415.1667
Armenia,ARM,2024,173
Asia,,2012,18295.22
Asia,,2013,16942.066
Asia,,2014,18540.316
Asia,,2015,19683.938
Asia,,2016,16971.742
Asia,,2017,19597.059
Asia,,2018,15765.497
Asia,,2019,19364.986
Asia,,2020,17240.297
Asia,,2021,17408.613
Asia,,2022,15861.984
Asia,,2023,17039.975
Asia,,2024,5549.6904
Australia,AUS,2012,57177.645
Australia,AUS,2013,43253.047
Australia,AUS,2014,46337.875
Australia,AUS,2015,45467.98
Australia,AUS,2016,35641.895
Australia,AUS,2017,40949.92
Australia,AUS,2018,40664.58
Australia,AUS,2019,61459.566
Australia,AUS,2020,37327.47
Australia,AUS,2021,33748.613
Australia,AUS,2022,38968.93
Australia,AUS,2023,53219.305
Australia,AUS,2024,7847.8164
Austria,AUT,2012,309
Austria,AUT,2013,458
Austria,AUT,2014,816.5
Austria,AUT,2015,557
Austria,AUT,2017,599
Austria,AUT,2018,430
Austria,AUT,2019,827
Austria,AUT,2021,696
Austria,AUT,2022,804
Austria,AUT,2023,370
Austria,AUT,2024,500
Azerbaijan,AZE,2012,9988.883
Azerbaijan,AZE,2013,9651.064
Azerbaijan,AZE,2014,9712.232
Azerbaijan,AZE,2015,12330.325
Azerbaijan,AZE,2016,7755.827
Azerbaijan,AZE,2017,9755.174
Azerbaijan,AZE,2018,7197.529
Azerbaijan,AZE,2019,12340.75
Azerbaijan,AZE,2020,9695.316
Azerbaijan,AZE,2021,12973.658
Azerbaijan,AZE,2022,12517.162
Azerbaijan,AZE,2023,6084.368
Azerbaijan,AZE,2024,770.625
Bahamas,BHS,2012,6183.25
Bahamas,BHS,2013,16530.584
Bahamas,BHS,2014,7373
Bahamas,BHS,2015,13131.728
Bahamas,BHS,2016,11861.769
Bahamas,BHS,2017,17747.39
Bahamas,BHS,2018,6718.3335
Bahamas,BHS,2019,15572.667
Bahamas,BHS,2020,12698.728
Bahamas,BHS,2021,10268.358
Bahamas,BHS,2022,6231.2334
Bahamas,BHS,2023,8026.783
Bahamas,BHS,2024,2832.25
Bangladesh,BGD,2012,6281.4453
Bangladesh,BGD,2013,5635.67
Bangladesh,BGD,2014,6404.3296
Bangladesh,BGD,2015,6036.9604
Bangladesh,BGD,2016,6589.727
Bangladesh,BGD,2017,4951.382
Bangladesh,BGD,2018,4277.113
Bangladesh,BGD,2019,5161.7075
Bangladesh,BGD,2020,5535.601
Bangladesh,BGD,2021,8155.22
Bangladesh,BGD,2022,4928.7065
Bangladesh,BGD,2023,4512.292
Bangladesh,BGD,2024,2713.1235
Barbados,BRB,2014,263
Barbados,BRB,2016,183
Barbados,BRB,2018,187
Belarus,BLR,2012,4228.5205
Belarus,BLR,2013,2018.3114
Belarus,BLR,2014,5870.791
Belarus,BLR,2015,9532.316
Belarus,BLR,2016,2836.5825
Belarus,BLR,2017,3654.269
Belarus,BLR,2018,4494.254
Belarus,BLR,2019,6647.7676
Belarus,BLR,2020,3930.7688
Belarus,BLR,2021,5013.448
Belarus,BLR,2022,3355.5005
Belarus,BLR,2023,2935
Belarus,BLR,2024,334.9167
Belgium,BEL,2013,306
Belgium,BEL,2014,754
Belgium,BEL,2015,180
Belgium,BEL,2016,236.5
Belgium,BEL,2018,282
Belgium,BEL,2019,183.5
Belgium,BEL,2020,127
Belgium,BEL,2021,906
Belgium,BEL,2022,417
Belgium,BEL,2023,559
Belize,BLZ,2012,7729.403
Belize,BLZ,2013,8422.69
Belize,BLZ,2014,11127.768
Belize,BLZ,2015,10947.773
Belize,BLZ,2016,10171.546
Belize,BLZ,2017,9923.584
Belize,BLZ,2018,8313.079
Belize,BLZ,2019,11565.657
Belize,BLZ,2020,9277.327
Belize,BLZ,2021,9064.868
Belize,BLZ,2022,8903.613
Belize,BLZ,2023,10176.791
Belize,BLZ,2024,3502.7944
Benin,BEN,2012,9367.403
Benin,BEN,2013,9276.463
Benin,BEN,2014,9395.475
Benin,BEN,2015,9094.214
Benin,BEN,2016,10668.67
Benin,BEN,2017,10626.634
Benin,BEN,2018,7561.5386
Benin,BEN,2019,9684.399
Benin,BEN,2020,10621.561
Benin,BEN,2021,11663.078
Benin,BEN,2022,12191.047
Benin,BEN,2023,12032.77
Benin,BEN,2024,4573.3325
Bhutan,BTN,2012,8262.588
Bhutan,BTN,2013,6065.0664
Bhutan,BTN,2014,9899.737
Bhutan,BTN,2015,5192.218
Bhutan,BTN,2016,8196
Bhutan,BTN,2017,5494.1167
Bhutan,BTN,2018,4110.1665
Bhutan,BTN,2019,4015.5
Bhutan,BTN,2020,4794.8335
Bhutan,BTN,2021,9195.262
Bhutan,BTN,2022,3816.5
Bhutan,BTN,2023,11822.666
Bhutan,BTN,2024,3783
Bolivia,BOL,2012,21710.695
Bolivia,BOL,2013,17911.408
Bolivia,BOL,2014,17816.84
Bolivia,BOL,2015,21170.312
Bolivia,BOL,2016,21778.47
Bolivia,BOL,2017,20451.266
Bolivia,BOL,2018,17156.867
Bolivia,BOL,2019,26801.873
Bolivia,BOL,2020,23941.568
Bolivia,BOL,2021,25934.771
Bolivia,BOL,2022,22407.936
Bolivia,BOL,2023,22980.217
Bolivia,BOL,2024,5464.5356
Bosnia and Herzegovina,BIH,2012,9607.468
Bosnia and Herzegovina,BIH,2013,4071.0278
Bosnia and Herzegovina,BIH,2014,1557.3206
Bosnia and Herzegovina,BIH,2015,10392.201
Bosnia and Herzegovina,BIH,2016,6730.0317
Bosnia and Herzegovina,BIH,2017,12708.292
Bosnia and Herzegovina,BIH,2018,2436.999
Bosnia and Herzegovina,BIH,2019,5615.789
Bosnia and Herzegovina,BIH,2020,6155.666
Bosnia and Herzegovina,BIH,2021,9794.988
Bosnia and Herzegovina,BIH,2022,6804.8423
Bosnia and Herzegovina,BIH,2023,1846.4584
Bosnia and Herzegovina,BIH,2024,1659.7711
Botswana,BWA,2012,35008.324
Botswana,BWA,2013,33427.074
Botswana,BWA,2014,19929.215
Botswana,BWA,2015,33810.133
Botswana,BWA,2016,34538.543
Botswana,BWA,2017,28924.19
Botswana,BWA,2018,31457.318
Botswana,BWA,2019,40260.387
Botswana,BWA,2020,23062.844
Botswana,BWA,2021,33457.38
Botswana,BWA,2022,35976.04
Botswana,BWA,2023,52271.69
Botswana,BWA,2024,7639.7407
Brazil,BRA,2012,21037.18
Brazil,BRA,2013,17565.562
Brazil,BRA,2014,18721.656
Brazil,BRA,2015,19767.371
Brazil,BRA,2016,20919.754
Brazil,BRA,2017,20230.69
Brazil,BRA,2018,16854.768
Brazil,BRA,2019,22783.967
Brazil,BRA,2020,22029.336
Brazil,BRA,2021,19180.023
Brazil,BRA,2022,18982.006
Brazil,BRA,2023,19196.086
Brazil,BRA,2024,6555.977
British Virgin Islands,VGB,2017,139
British Virgin Islands,VGB,2018,299
British Virgin Islands,VGB,2020,166
Brunei,BRN,2012,770.5
Brunei,BRN,2013,395
Brunei,BRN,2014,1194
Brunei,BRN,2015,2150.3335
Brunei,BRN,2016,3052.8333
Brunei,BRN,2018,386
Brunei,BRN,2019,1127
Brunei,BRN,2020,1078.2
Brunei,BRN,2021,1395
Brunei,BRN,2022,931
Brunei,BRN,2023,681
Brunei,BRN,2024,495.25
Bulgaria,BGR,2012,7664.865
Bulgaria,BGR,2013,6837.3394
Bulgaria,BGR,2014,7026.092
Bulgaria,BGR,2015,6955.188
Bulgaria,BGR,2016,6956.5127
Bulgaria,BGR,2017,6866.402
Bulgaria,BGR,2018,5032.978
Bulgaria,BGR,2019,8489.549
Bulgaria,BGR,2020,7711.3257
Bulgaria,BGR,2021,6477.271
Bulgaria,BGR,2022,7007.018
Bulgaria,BGR,2023,5810.943
Bulgaria,BGR,2024,1320.6515
Burkina Faso,BFA,2012,12800.404
Burkina Faso,BFA,2013,11419.471
Burkina Faso,BFA,2014,10103.966
Burkina Faso,BFA,2015,11509.826
Burkina Faso,BFA,2016,11122.3125
Burkina Faso,BFA,2017,10859.165
Burkina Faso,BFA,2018,7608.8267
Burkina Faso,BFA,2019,9165.067
Burkina Faso,BFA,2020,9384.083
Burkina Faso,BFA,2021,11791.912
Burkina Faso,BFA,2022,11267.82
Burkina Faso,BFA,2023,13700.1045
Burkina Faso,BFA,2024,5878.671
Burundi,BDI,2012,5136.0967
Burundi,BDI,2013,5895.259
Burundi,BDI,2014,6576.4434
Burundi,BDI,2015,6591.9106
Burundi,BDI,2016,7050.6167
Burundi,BDI,2017,6078.663
Burundi,BDI,2018,6667.6665
Burundi,BDI,2019,6774.46
Burundi,BDI,2020,6443.012
Burundi,BDI,2021,5921.214
Burundi,BDI,2022,6872.22
Burundi,BDI,2023,5424.7827
Cambodia,KHM,2012,17336.562
Cambodia,KHM,2013,16776.18
Cambodia,KHM,2014,16288.595
Cambodia,KHM,2015,15965.307
Cambodia,KHM,2016,14119.416
Cambodia,KHM,2017,11683.486
Cambodia,KHM,2018,11108.661
Cambodia,KHM,2019,14333.147
Cambodia,KHM,2020,11803.023
Cambodia,KHM,2021,12228.53
Cambodia,KHM,2022,11173.759
Cambodia,KHM,2023,12174.862
Cambodia,KHM,2024,4977.5845
Cameroon,CMR,2012,13224.372
Cameroon,CMR,2013,13646.743
Cameroon,CMR,2014,15019.602
Cameroon,CMR,2015,14422.573
Cameroon,CMR,2016,13852.529
Cameroon,CMR,2017,14854.657
Cameroon,CMR,2018,11602.733
Cameroon,CMR,2019,14240.826
Cameroon,CMR,2020,15127.432
Cameroon,CMR,2021,13039.754
Cameroon,CMR,2022,14687.881
Cameroon,CMR,2023,14866.274
Cameroon,CMR,2024,4574.5293
Canada,CAN,2012,24709.748
Canada,CAN,2013,23554.697
Canada,CAN,2014,24279.803
Canada,CAN,2015,23565.57
Canada,CAN,2016,18461.164
Canada,CAN,2017,23682.252
Canada,CAN,2018,24003.156
Canada,CAN,2019,30435.627
Canada,CAN,2020,12864.409
Canada,CAN,2021,38737.484
Canada,CAN,2022,22405.406
Canada,CAN,2023,40609.79
Canada,CAN,2024,2763.9187
Cape Verde,CPV,2012,192
Cape Verde,CPV,2014,10179.75
Cape Verde,CPV,2015,3239
Cape Verde,CPV,2018,236
Cape Verde,CPV,2022,169
Cape Verde,CPV,2023,1449
Cayman Islands,CYM,2023,191
Central African Republic,CAF,2012,12387.921
Central African Republic,CAF,2013,14459.775
Central African Republic,CAF,2014,14643.253
Central African Republic,CAF,2015,13609.499
Central African Republic,CAF,2016,15140.333
Central African Republic,CAF,2017,14260.61
Central African Republic,CAF,2018,13720.419
Central African Republic,CAF,2019,13611.044
Central African Republic,CAF,2020,14113.794
Central African Republic,CAF,2021,12350.205
Central African Republic,CAF,2022,13145.833
Central African Republic,CAF,2023,13199.757
Central African Republic,CAF,2024,5625.8984
Chad,TCD,2012,19358.55
Chad,TCD,2013,18450.79
Chad,TCD,2014,18489.027
Chad,TCD,2015,18549.102
Chad,TCD,2016,22531.467
Chad,TCD,2017,19454.69
Chad,TCD,2018,16922.357
Chad,TCD,2019,22061.57
Chad,TCD,2020,17814.285
Chad,TCD,2021,17728.537
Chad,TCD,2022,16653.209
Chad,TCD,2023,15194.884
Chad,TCD,2024,5452.6626
Chile,CHL,2012,14327.248
Chile,CHL,2013,13202.949
Chile,CHL,2014,13455.936
Chile,CHL,2015,14499.186
Chile,CHL,2016,15544.319
Chile,CHL,2017,22240.457
Chile,CHL,2018,11661.27
Chile,CHL,2019,16791.951
Chile,CHL,2020,14645.866
Chile,CHL,2021,15666.576
Chile,CHL,2022,16287.055
Chile,CHL,2023,19242.877
Chile,CHL,2024,5375.8833
China,CHN,2012,13034.412
China,CHN,2013,13171.071
China,CHN,2014,13496.119
China,CHN,2015,13066.749
China,CHN,2016,11667.014
China,CHN,2017,12229.108
China,CHN,2018,10708.067
China,CHN,2019,12637.077
China,CHN,2020,13044.04
China,CHN,2021,12171.862
China,CHN,2022,12808.735
China,CHN,2023,13219.46
China,CHN,2024,4534.737
Colombia,COL,2012,15223.769
Colombia,COL,2013,15301.999
Colombia,COL,2014,16121.097
Colombia,COL,2015,15764.524
Colombia,COL,2016,16248.753
Colombia,COL,2017,15427.742
Colombia,COL,2018,13921.248
Colombia,COL,2019,15858.281
Colombia,COL,2020,16020.905
Colombia,COL,2021,14935.862
Colombia,COL,2022,16102.967
Colombia,COL,2023,13259.991
Colombia,COL,2024,4800.356
Comoros,COM,2012,1222.5
Comoros,COM,2013,2159.25
Comoros,COM,2014,2168
Comoros,COM,2015,2707.75
Comoros,COM,2016,1603
Comoros,COM,2017,1923.5
Comoros,COM,2018,2330.8333
Comoros,COM,2019,2172.5
Comoros,COM,2020,759
Comoros,COM,2021,2347
Comoros,COM,2022,412
Comoros,COM,2023,878
Congo,COG,2012,15016.058
Congo,COG,2013,14794.013
Congo,COG,2014,14406.326
Congo,COG,2015,14623.803
Congo,COG,2016,15351.981
Congo,COG,2017,14629.851
Congo,COG,2018,11886.132
Congo,COG,2019,14641.953
Congo,COG,2020,14480.281
Congo,COG,2021,14114.81
Congo,COG,2022,14492.317
Congo,COG,2023,14824.756
Congo,COG,2024,4015.972
Costa Rica,CRI,2012,7003.4893
Costa Rica,CRI,2013,8132.6196
Costa Rica,CRI,2014,7871.6025
Costa Rica,CRI,2015,10130.805
Costa Rica,CRI,2016,7950.3916
Costa Rica,CRI,2017,6914.3022
Costa Rica,CRI,2018,7548.176
Costa Rica,CRI,2019,7710.556
Costa Rica,CRI,2020,7223.3364
Costa Rica,CRI,2021,6459.343
Costa Rica,CRI,2022,9320.43
Costa Rica,CRI,2023,6444.9355
Costa Rica,CRI,2024,4871.337
Cote d'Ivoire,CIV,2012,9982.82
Cote d'Ivoire,CIV,2013,11404.232
Cote d'Ivoire,CIV,2014,9435.237
Cote d'Ivoire,CIV,2015,10501.746
Cote d'Ivoire,CIV,2016,10897.993
Cote d'Ivoire,CIV,2017,10935.677
Cote d'Ivoire,CIV,2018,8830.632
Cote d'Ivoire,CIV,2019,9390.528
Cote d'Ivoire,CIV,2020,10610.275
Cote d'Ivoire,CIV,2021,8975.797
Cote d'Ivoire,CIV,2022,10244.574
Cote d'Ivoire,CIV,2023,8694.394
Cote d'Ivoire,CIV,2024,4301.5596
Croatia,HRV,2012,7080.6904
Croatia,HRV,2013,2598.3333
Croatia,HRV,2014,1291.6912
Croatia,HRV,2015,5811.4595
Croatia,HRV,2016,5372.9
Croatia,HRV,2017,11464.787
Croatia,HRV,2018,1361.5544
Croatia,HRV,2019,4013.724
Croatia,HRV,2020,3914.8262
Croatia,HRV,2021,5202.2
Croatia,HRV,2022,6056.4907
Croatia,HRV,2023,1403.8334
Croatia,HRV,2024,1856.6666
Cuba,CUB,2012,10819.872
Cuba,CUB,2013,13133.399
Cuba,CUB,2014,13046.942
Cuba,CUB,2015,14593.526
Cuba,CUB,2016,13373.913
Cuba,CUB,2017,11866.79
Cuba,CUB,2018,10719.498
Cuba,CUB,2019,12597.13
Cuba,CUB,2020,14027.161
Cuba,CUB,2021,12757.006
Cuba,CUB,2022,12310.275
Cuba,CUB,2023,10310.002
Cuba,CUB,2024,4116.3003
Curacao,CUW,2012,464
Curacao,CUW,2013,112
Curacao,CUW,2015,171
Cyprus,CYP,2012,2240.3333
Cyprus,CYP,2013,2493
Cyprus,CYP,2014,271
Cyprus,CYP,2015,1848
Cyprus,CYP,2016,3159
Cyprus,CYP,2017,585
Cyprus,CYP,2018,1527
Cyprus,CYP,2019,704
Cyprus,CYP,2020,1276.5
Cyprus,CYP,2021,2160
Cyprus,CYP,2022,833
Cyprus,CYP,2023,926
Czechia,CZE,2012,840
Czechia,CZE,2013,177
Czechia,CZE,2014,836.5
Czechia,CZE,2015,451
Czechia,CZE,2016,120
Czechia,CZE,2017,372
Czechia,CZE,2018,571
Czechia,CZE,2019,177
Czechia,CZE,2020,471.72223
Czechia,CZE,2021,469
Czechia,CZE,2022,100
Czechia,CZE,2023,283
Democratic Republic of Congo,COD,2012,18589.727
Democratic Republic of Congo,COD,2013,18186.898
Democratic Republic of Congo,COD,2014,18115.285
Democratic Republic of Congo,COD,2015,18545.219
Democratic Republic of Congo,COD,2016,18400.86
Democratic Republic of Congo,COD,2017,18508.598
Democratic Republic of Congo,COD,2018,16270.382
Democratic Republic of Congo,COD,2019,17868.252
Democratic Republic of Congo,COD,2020,18382.688
Democratic Republic of Congo,COD,2021,17447.266
Democratic Republic of Congo,COD,2022,17420.35
Democratic Republic of Congo,COD,2023,17302.498
Democratic Republic of Congo,COD,2024,4769.001
Denmark,DNK,2012,273.5
Denmark,DNK,2013,289
Denmark,DNK,2014,395.5
Denmark,DNK,2015,641
Denmark,DNK,2016,79
Denmark,DNK,2017,452.5
Denmark,DNK,2018,1083
Denmark,DNK,2021,645
Denmark,DNK,2022,973.6666
Denmark,DNK,2023,951
Djibouti,DJI,2016,240
Djibouti,DJI,2017,202
Djibouti,DJI,2018,371
Djibouti,DJI,2019,340
Djibouti,DJI,2020,460
Djibouti,DJI,2021,136
Dominica,DMA,2017,178
Dominica,DMA,2019,247
Dominica,DMA,2020,131
Dominica,DMA,2021,207
Dominica,DMA,2023,198
Dominica,DMA,2024,109
Dominican Republic,DOM,2012,10919.958
Dominican Republic,DOM,2013,14074.776
Dominican Republic,DOM,2014,13550.856
Dominican Republic,DOM,2015,12381.733
Dominican Republic,DOM,2016,6975.7827
Dominican Republic,DOM,2017,8256.325
Dominican Republic,DOM,2018,7656.2344
Dominican Republic,DOM,2019,9794.107
Dominican Republic,DOM,2020,9596.32
Dominican Republic,DOM,2021,10945.777
Dominican Republic,DOM,2022,13832.254
Dominican Republic,DOM,2023,10467.189
Dominican Republic,DOM,2024,3061.9248
East Timor,TLS,2012,4911.2407
East Timor,TLS,2013,3666.2285
East Timor,TLS,2014,6046.101
East Timor,TLS,2015,5425.277
East Timor,TLS,2016,3294.4167
East Timor,TLS,2017,5519.071
East Timor,TLS,2018,5299.632
East Timor,TLS,2019,7076.51
East Timor,TLS,2020,5257.9897
East Timor,TLS,2021,3235.769
East Timor,TLS,2022,2858.65
East Timor,TLS,2023,4756.9204
Ecuador,ECU,2012,11150.045
Ecuador,ECU,2013,11470.738
Ecuador,ECU,2014,11996.183
Ecuador,ECU,2015,19935.71
Ecuador,ECU,2016,14700.724
Ecuador,ECU,2017,12823.842
Ecuador,ECU,2018,17977.125
Ecuador,ECU,2019,16041.754
Ecuador,ECU,2020,16610.547
Ecuador,ECU,2021,11495.764
Ecuador,ECU,2022,23562.537
Ecuador,ECU,2023,17664.248
Ecuador,ECU,2024,28689.53
Egypt,EGY,2012,5571.3887
Egypt,EGY,2013,6343.701
Egypt,EGY,2014,5204.8506
Egypt,EGY,2015,5452.6865
Egypt,EGY,2016,7262.0396
Egypt,EGY,2017,7453.505
Egypt,EGY,2018,5651.5166
Egypt,EGY,2019,5918.5
Egypt,EGY,2020,8842.667
Egypt,EGY,2021,7535.476
Egypt,EGY,2022,8882.477
Egypt,EGY,2023,8090.047
Egypt,EGY,2024,1711.6666
El Salvador,SLV,2012,4191.451
El Salvador,SLV,2013,5408.081
El Salvador,SLV,2014,5686.5474
El Salvador,SLV,2015,6444.3335
El Salvador,SLV,2016,4778.3223
El Salvador,SLV,2017,6022.088
El Salvador,SLV,2018,5493.2393
El Salvador,SLV,2019,4990.9106
El Salvador,SLV,2020,5637.53
El Salvador,SLV,2021,5253.4927
El Salvador,SLV,2022,4712.161
El Salvador,SLV,2023,4416.785
El Salvador,SLV,2024,2712.6013
Equatorial Guinea,GNQ,2012,1149
Equatorial Guinea,GNQ,2013,2479
Equatorial Guinea,GNQ,2014,3617.75
Equatorial Guinea,GNQ,2015,5324.6665
Equatorial Guinea,GNQ,2016,1296.5
Equatorial Guinea,GNQ,2017,1440
Equatorial Guinea,GNQ,2018,1158
Equatorial Guinea,GNQ,2019,1366.7144
Equatorial Guinea,GNQ,2020,1820.1666
Equatorial Guinea,GNQ,2021,1648.3333
Equatorial Guinea,GNQ,2022,1474.4166
Equatorial Guinea,GNQ,2023,1497.238
Equatorial Guinea,GNQ,2024,1891
Eritrea,ERI,2012,6559.1665
Eritrea,ERI,2013,8055
Eritrea,ERI,2014,6024.4
Eritrea,ERI,2015,5447.25
Eritrea,ERI,2016,2737
Eritrea,ERI,2017,2675
Eritrea,ERI,2018,2433.5
Eritrea,ERI,2019,11177.833
Eritrea,ERI,2020,16604.383
Eritrea,ERI,2021,9995.057
Eritrea,ERI,2022,9317.3
Eritrea,ERI,2023,7773.278
Eritrea,ERI,2024,2033
Estonia,EST,2013,296
Estonia,EST,2014,230
Estonia,EST,2015,187.5
Estonia,EST,2016,4
Estonia,EST,2018,1139
Estonia,EST,2019,13
Estonia,EST,2022,4
Estonia,EST,2023,435
Eswatini,SWZ,2012,11090.261
Eswatini,SWZ,2013,12000.197
Eswatini,SWZ,2014,11666.772
Eswatini,SWZ,2015,12856.561
Eswatini,SWZ,2016,12526.949
Eswatini,SWZ,2017,12400.7
Eswatini,SWZ,2018,9363.322
Eswatini,SWZ,2019,12660.996
Eswatini,SWZ,2020,12850.725
Eswatini,SWZ,2021,13627.448
Eswatini,SWZ,2022,12410.355
Eswatini,SWZ,2023,10489.059
Eswatini,SWZ,2024,1037.5667
Ethiopia,ETH,2012,19829.646
Ethiopia,ETH,2013,20143.793
Ethiopia,ETH,2014,18500.54
Ethiopia,ETH,2015,19727.854
Ethiopia,ETH,2016,19432.88
Ethiopia,ETH,2017,19293.664
Ethiopia,ETH,2018,16523.08
Ethiopia,ETH,2019,17769.986
Ethiopia,ETH,2020,19788.076
Ethiopia,ETH,2021,19840.754
Ethiopia,ETH,2022,17759.346
Ethiopia,ETH,2023,19271.006
Ethiopia,ETH,2024,5728.737
Europe,,2012,22143.082
Europe,,2013,16344.511
Europe,,2014,18147.69
Europe,,2015,19003.082
Europe,,2016,23203.283
Europe,,2017,18307.693
Europe,,2018,19453.896
Europe,,2019,22283.248
Europe,,2020,21736.426
Europe,,2021,25639.97
Europe,,2022,18230.12
Europe,,2023,20961.428
Europe,,2024,3390.0554
Falkland Islands,FLK,2012,2412.05
Falkland Islands,FLK,2013,1330.5
Falkland Islands,FLK,2014,260
Falkland Islands,FLK,2015,1473.5
Falkland Islands,FLK,2016,981.8334
Falkland Islands,FLK,2017,365.75
Falkland Islands,FLK,2018,717
Falkland Islands,FLK,2019,136
Falkland Islands,FLK,2020,142
Falkland Islands,FLK,2021,371
Falkland Islands,FLK,2022,1054.8333
Falkland Islands,FLK,2023,712.5
Falkland Islands,FLK,2024,134
Fiji,FJI,2012,4570.433
Fiji,FJI,2013,4919.2188
Fiji,FJI,2014,7410.1567
Fiji,FJI,2015,7879.21
Fiji,FJI,2016,7336.2456
Fiji,FJI,2017,7246.303
Fiji,FJI,2018,5166.4907
Fiji,FJI,2019,4604.3926
Fiji,FJI,2020,5951.4
Fiji,FJI,2021,5473.038
Fiji,FJI,2022,3856.2266
Fiji,FJI,2023,5217.2065
Finland,FIN,2012,553.6667
Finland,FIN,2013,795.1905
Finland,FIN,2014,501
Finland,FIN,2015,263
Finland,FIN,2016,498.3333
Finland,FIN,2017,589
Finland,FIN,2018,1576.25
Finland,FIN,2019,327
Finland,FIN,2020,909
Finland,FIN,2021,1086.25
Finland,FIN,2022,513.5
Finland,FIN,2023,559.25
France,FRA,2012,6336.6167
France,FRA,2013,4458.244
France,FRA,2014,5827.413
France,FRA,2015,7309.607
France,FRA,2016,6744.623
France,FRA,2017,11476.203
France,FRA,2018,5095.159
France,FRA,2019,7424.255
France,FRA,2020,6607.539
France,FRA,2021,5871.438
France,FRA,2022,16041.044
France,FRA,2023,6097.4287
France,FRA,2024,1823.15
French Guiana,GUF,2012,3554.1594
French Guiana,GUF,2013,3474.6667
French Guiana,GUF,2014,3507.2595
French Guiana,GUF,2015,4439.3853
French Guiana,GUF,2016,5850.024
French Guiana,GUF,2017,3048.256
French Guiana,GUF,2018,1887.0996
French Guiana,GUF,2019,2926.8235
French Guiana,GUF,2020,3711.8364
French Guiana,GUF,2021,2390.3833
French Guiana,GUF,2022,1995.4719
French Guiana,GUF,2023,5526.848
French Guiana,GUF,2024,807
Gabon,GAB,2012,13616.293
Gabon,GAB,2013,13091.277
Gabon,GAB,2014,12606.435
Gabon,GAB,2015,12845.25
Gabon,GAB,2016,12693.726
Gabon,GAB,2017,13321.047
Gabon,GAB,2018,10535.4375
Gabon,GAB,2019,12232.749
Gabon,GAB,2020,12025.587
Gabon,GAB,2021,12252.806
Gabon,GAB,2022,12052.072
Gabon,GAB,2023,12062.827
Gabon,GAB,2024,3424.858
Gambia,GMB,2012,10846.667
Gambia,GMB,2013,13116.873
Gambia,GMB,2014,11474.779
Gambia,GMB,2015,11515.927
Gambia,GMB,2016,11909.358
Gambia,GMB,2017,12673.702
Gambia,GMB,2018,10324.319
Gambia,GMB,2019,11940.653
Gambia,GMB,2020,13077.113
Gambia,GMB,2021,11122.263
Gambia,GMB,2022,11518.423
Gambia,GMB,2023,12656.105
Gambia,GMB,2024,6194.239
Georgia,GEO,2012,6806.555
Georgia,GEO,2013,7301.38
Georgia,GEO,2014,6236.1235
Georgia,GEO,2015,6264.291
Georgia,GEO,2016,8207.982
Georgia,GEO,2017,8467.229
Georgia,GEO,2018,5556.421
Georgia,GEO,2019,9417.93
Georgia,GEO,2020,6806.6245
Georgia,GEO,2021,7128.0596
Georgia,GEO,2022,7659.447
Georgia,GEO,2023,4565.6665
Georgia,GEO,2024,1910.0588
Germany,DEU,2012,1614.5
Germany,DEU,2013,1370.3334
Germany,DEU,2014,842
Germany,DEU,2015,1311
Germany,DEU,2016,1686.5
Germany,DEU,2017,1103
Germany,DEU,2018,4284.472
Germany,DEU,2019,3630.75
Germany,DEU,2020,1307.3334
Germany,DEU,2021,948
Germany,DEU,2022,4228.1167
Germany,DEU,2023,2666.5
Germany,DEU,2024,234.5
Ghana,GHA,2012,11395.235
Ghana,GHA,2013,11072.485
Ghana,GHA,2014,9980.22
Ghana,GHA,2015,12195.204
Ghana,GHA,2016,10995.195
Ghana,GHA,2017,11790.967
Ghana,GHA,2018,9217.468
Ghana,GHA,2019,9363.312
Ghana,GHA,2020,11594.212
Ghana,GHA,2021,10015.514
Ghana,GHA,2022,10594.458
Ghana,GHA,2023,10220.691
Ghana,GHA,2024,4531.8804
Greece,GRC,2012,10955.878
Greece,GRC,2013,9324.546
Greece,GRC,2014,6787.3516
Greece,GRC,2015,8106.4053
Greece,GRC,2016,12425.522
Greece,GRC,2017,9290.725
Greece,GRC,2018,7987.5854
Greece,GRC,2019,6872.9556
Greece,GRC,2020,9239.408
Greece,GRC,2021,16626.088
Greece,GRC,2022,10659.64
Greece,GRC,2023,24157.95
Greece,GRC,2024,1181.25
Greenland,GRL,2014,139
Greenland,GRL,2015,506
Greenland,GRL,2016,105
Greenland,GRL,2017,1905
Greenland,GRL,2019,1932
Greenland,GRL,2020,225.66666
Guadeloupe,GLP,2014,391
Guadeloupe,GLP,2018,188
Guadeloupe,GLP,2023,185
Guam,GUM,2012,351
Guam,GUM,2013,290
Guam,GUM,2014,1159
Guam,GUM,2015,1001
Guam,GUM,2016,979
Guam,GUM,2017,336
Guam,GUM,2018,193
Guam,GUM,2019,1738
Guam,GUM,2020,278
Guam,GUM,2021,495
Guam,GUM,2022,359
Guam,GUM,2024,460
Guatemala,GTM,2012,16399.727
Guatemala,GTM,2013,12299.796
Guatemala,GTM,2014,13617.241
Guatemala,GTM,2015,18344.143
Guatemala,GTM,2016,18528.373
Guatemala,GTM,2017,16180.637
Guatemala,GTM,2018,10781.269
Guatemala,GTM,2019,14846.732
Guatemala,GTM,2020,17237.336
Guatemala,GTM,2021,13202.751
Guatemala,GTM,2022,13418.829
Guatemala,GTM,2023,12114.977
Guatemala,GTM,2024,4224
Guinea,GIN,2012,12431.576
Guinea,GIN,2013,12538.149
Guinea,GIN,2014,12923.295
Guinea,GIN,2015,12284.913
Guinea,GIN,2016,12643.2
Guinea,GIN,2017,12456.508
Guinea,GIN,2018,10844.709
Guinea,GIN,2019,12565.984
Guinea,GIN,2020,12042.575
Guinea,GIN,2021,11649.089
Guinea,GIN,2022,11797.241
Guinea,GIN,2023,11432.603
Guinea,GIN,2024,5327.8877
Guinea-Bissau,GNB,2012,10155.942
Guinea-Bissau,GNB,2013,11015.991
Guinea-Bissau,GNB,2014,10385.674
Guinea-Bissau,GNB,2015,10658.892
Guinea-Bissau,GNB,2016,10501.529
Guinea-Bissau,GNB,2017,11007.8955
Guinea-Bissau,GNB,2018,9520.25
Guinea-Bissau,GNB,2019,11028.998
Guinea-Bissau,GNB,2020,10939.821
Guinea-Bissau,GNB,2021,10231.915
Guinea-Bissau,GNB,2022,10998.947
Guinea-Bissau,GNB,2023,9639.219
Guinea-Bissau,GNB,2024,5261.425
Guyana,GUY,2012,10732.932
Guyana,GUY,2013,10790.193
Guyana,GUY,2014,12804.063
Guyana,GUY,2015,11608.784
Guyana,GUY,2016,10850.648
Guyana,GUY,2017,9973.449
Guyana,GUY,2018,8317.907
Guyana,GUY,2019,10938.53
Guyana,GUY,2020,10640.255
Guyana,GUY,2021,8440.145
Guyana,GUY,2022,9587.963
Guyana,GUY,2023,11182.937
Guyana,GUY,2024,6089.9473
Haiti,HTI,2012,6169.6978
Haiti,HTI,2013,6299.053
Haiti,HTI,2014,4365.3335
Haiti,HTI,2015,5722.3906
Haiti,HTI,2016,3540.6428
Haiti,HTI,2017,4010.2168
Haiti,HTI,2018,3046.7778
Haiti,HTI,2019,4559.118
Haiti,HTI,2020,5257.3916
Haiti,HTI,2021,5822.1445
Haiti,HTI,2022,4034.0557
Haiti,HTI,2023,7502.482
Haiti,HTI,2024,2504.3167
Honduras,HND,2012,11066.908
Honduras,HND,2013,10807.814
Honduras,HND,2014,11192.544
Honduras,HND,2015,14096.903
Honduras,HND,2016,11546.732
Honduras,HND,2017,12760.503
Honduras,HND,2018,11863.351
Honduras,HND,2019,13314.844
Honduras,HND,2020,12920.587
Honduras,HND,2021,11078.371
Honduras,HND,2022,11858.879
Honduras,HND,2023,11306.082
Honduras,HND,2024,4310.5576
Hong Kong,HKG,2013,189
Hong Kong,HKG,2014,869
Hong Kong,HKG,2015,162
Hong Kong,HKG,2016,851
Hong Kong,HKG,2017,782
Hong Kong,HKG,2018,857
Hong Kong,HKG,2019,208
Hong Kong,HKG,2020,414
Hong Kong,HKG,2021,1249
Hong Kong,HKG,2022,164
Hungary,HUN,2012,5029.416
Hungary,HUN,2013,2578.993
Hungary,HUN,2014,2202.4792
Hungary,HUN,2015,2492.5076
Hungary,HUN,2016,1255.1666
Hungary,HUN,2017,2910.75
Hungary,HUN,2018,1725.7351
Hungary,HUN,2019,2583.597
Hungary,HUN,2020,3273.4143
Hungary,HUN,2021,4525
Hungary,HUN,2022,6135.0664
Hungary,HUN,2023,1654
Hungary,HUN,2024,770
Iceland,ISL,2012,58
Iceland,ISL,2013,149.5
Iceland,ISL,2014,11020.5
Iceland,ISL,2015,1129.6666
Iceland,ISL,2016,71
Iceland,ISL,2018,243
Iceland,ISL,2019,198
Iceland,ISL,2020,447
Iceland,ISL,2021,26933.332
Iceland,ISL,2022,4092
Iceland,ISL,2023,10423.5
Iceland,ISL,2024,5941.5
India,IND,2012,15021.219
India,IND,2013,13669.134
India,IND,2014,14069.904
India,IND,2015,14056.106
India,IND,2016,14875.475
India,IND,2017,13935.7705
India,IND,2018,12668.264
India,IND,2019,14449.24
India,IND,2020,13990.221
India,IND,2021,14373.057
India,IND,2022,14073.194
India,IND,2023,14187.871
India,IND,2024,4626.97
Indonesia,IDN,2012,16384.174
Indonesia,IDN,2013,18195.748
Indonesia,IDN,2014,19802.062
Indonesia,IDN,2015,19619.607
Indonesia,IDN,2016,15757.972
Indonesia,IDN,2017,14725.145
Indonesia,IDN,2018,14336.984
Indonesia,IDN,2019,18936.84
Indonesia,IDN,2020,14876.254
Indonesia,IDN,2021,13904.775
Indonesia,IDN,2022,13673.541
Indonesia,IDN,2023,16154.882
Indonesia,IDN,2024,4474.765
Iran,IRN,2012,11892.024
Iran,IRN,2013,11229.696
Iran,IRN,2014,12154.422
Iran,IRN,2015,11773.516
Iran,IRN,2016,12625.466
Iran,IRN,2017,12870.721
Iran,IRN,2018,11022.774
Iran,IRN,2019,12901.142
Iran,IRN,2020,13654.745
Iran,IRN,2021,11835.205
Iran,IRN,2022,11132.089
Iran,IRN,2023,12476.16
Iran,IRN,2024,3273.6118
Iraq,IRQ,2012,12286.036
Iraq,IRQ,2013,11467.79
Iraq,IRQ,2014,11989.354
Iraq,IRQ,2015,15769.494
Iraq,IRQ,2016,14057.822
Iraq,IRQ,2017,12278.24
Iraq,IRQ,2018,13120.857
Iraq,IRQ,2019,13456.999
Iraq,IRQ,2020,12970.86
Iraq,IRQ,2021,12110.333
Iraq,IRQ,2022,12715.686
Iraq,IRQ,2023,13878.079
Iraq,IRQ,2024,3337.8206
Ireland,IRL,2012,764.6333
Ireland,IRL,2013,1142.9706
Ireland,IRL,2014,468.25
Ireland,IRL,2015,1594.0474
Ireland,IRL,2016,1447.5
Ireland,IRL,2017,2117.85
Ireland,IRL,2018,1625.8334
Ireland,IRL,2019,977.6666
Ireland,IRL,2020,1807.5
Ireland,IRL,2021,1084.4445
Ireland,IRL,2022,1246.7333
Ireland,IRL,2023,749.5
Israel,ISR,2012,3294.5
Israel,ISR,2013,5928.1665
Israel,ISR,2014,2997
Israel,ISR,2015,3879.1667
Israel,ISR,2016,5875.1665
Israel,ISR,2017,2225.5
Israel,ISR,2018,2422.5
Israel,ISR,2019,4308.75
Israel,ISR,2020,4892
Israel,ISR,2021,4185.9165
Israel,ISR,2022,3199
Israel,ISR,2023,2886.3333
Italy,ITA,2012,10033.194
Italy,ITA,2013,12895.71
Italy,ITA,2014,10898.682
Italy,ITA,2015,11550.401
Italy,ITA,2016,9273.316
Italy,ITA,2017,13226.327
Italy,ITA,2018,8004.0913
Italy,ITA,2019,10414.256
Italy,ITA,2020,11590.569
Italy,ITA,2021,18127.336
Italy,ITA,2022,11433.925
Italy,ITA,2023,9074.715
Italy,ITA,2024,1176.8334
Jamaica,JAM,2012,3696.6833
Jamaica,JAM,2013,4055.6333
Jamaica,JAM,2014,5872.75
Jamaica,JAM,2015,7387.081
Jamaica,JAM,2016,2078
Jamaica,JAM,2017,3908.9583
Jamaica,JAM,2018,4097.5835
Jamaica,JAM,2019,4253.119
Jamaica,JAM,2020,4032.6667
Jamaica,JAM,2021,4065
Jamaica,JAM,2022,2731.5
Jamaica,JAM,2023,3969.6023
Jamaica,JAM,2024,2088.8333
Japan,JPN,2012,2862.8333
Japan,JPN,2013,4156.533
Japan,JPN,2014,5228.6904
Japan,JPN,2015,3518.4358
Japan,JPN,2016,3262.2666
Japan,JPN,2017,2486.4167
Japan,JPN,2018,3802.3958
Japan,JPN,2019,3440.8152
Japan,JPN,2020,3635.425
Japan,JPN,2021,2841.4167
Japan,JPN,2022,4226.2056
Japan,JPN,2023,4193.136
Japan,JPN,2024,1986.1666
Jordan,JOR,2013,413
Jordan,JOR,2015,1086.5
Jordan,JOR,2016,296
Jordan,JOR,2017,558.5
Jordan,JOR,2018,175
Jordan,JOR,2019,274
Jordan,JOR,2020,1499
Jordan,JOR,2021,635
Jordan,JOR,2022,679.5
Jordan,JOR,2023,269
Kazakhstan,KAZ,2012,16874.48
Kazakhstan,KAZ,2013,15617.567
Kazakhstan,KAZ,2014,19759.295
Kazakhstan,KAZ,2015,19763.441
Kazakhstan,KAZ,2016,15588.778
Kazakhstan,KAZ,2017,21704.607
Kazakhstan,KAZ,2018,16608.256
Kazakhstan,KAZ,2019,19653.635
Kazakhstan,KAZ,2020,18144.865
Kazakhstan,KAZ,2021,18215.459
Kazakhstan,KAZ,2022,14833.136
Kazakhstan,KAZ,2023,15457.579
Kazakhstan,KAZ,2024,3020.616
Kenya,KEN,2012,23367.686
Kenya,KEN,2013,17862.414
Kenya,KEN,2014,18630.418
Kenya,KEN,2015,14274.061
Kenya,KEN,2016,17262.566
Kenya,KEN,2017,13574.629
Kenya,KEN,2018,10717.932
Kenya,KEN,2019,20860.646
Kenya,KEN,2020,20360.63
Kenya,KEN,2021,18399.2
Kenya,KEN,2022,14033.771
Kenya,KEN,2023,12995.959
Kenya,KEN,2024,4411.3813
Kosovo,OWID_KOS,2012,3826.7473
Kosovo,OWID_KOS,2013,2253.2778
Kosovo,OWID_KOS,2014,2392.3333
Kosovo,OWID_KOS,2015,3434.0596
Kosovo,OWID_KOS,2016,1740.25
Kosovo,OWID_KOS,2017,4010.7334
Kosovo,OWID_KOS,2018,1346.8667
Kosovo,OWID_KOS,2019,2957.113
Kosovo,OWID_KOS,2020,2642.084
Kosovo,OWID_KOS,2021,4147.0835
Kosovo,OWID_KOS,2022,1332.3129
Kosovo,OWID_KOS,2023,2059.6667
Kosovo,OWID_KOS,2024,773.8333
Kuwait,KWT,2012,945
Kuwait,KWT,2013,174
Kuwait,KWT,2014,1068.5
Kuwait,KWT,2015,884
Kuwait,KWT,2016,3190
Kuwait,KWT,2017,1064
Kuwait,KWT,2018,623
Kuwait,KWT,2019,1819
Kuwait,KWT,2020,1113
Kuwait,KWT,2021,600
Kuwait,KWT,2022,801
Kuwait,KWT,2024,146
Kyrgyzstan,KGZ,2012,5482.942
Kyrgyzstan,KGZ,2013,4390.505
Kyrgyzstan,KGZ,2014,3676.2083
Kyrgyzstan,KGZ,2015,3009.5
Kyrgyzstan,KGZ,2016,3240.1555
Kyrgyzstan,KGZ,2017,6084.45
Kyrgyzstan,KGZ,2018,4658.9497
Kyrgyzstan,KGZ,2019,4244.4087
Kyrgyzstan,KGZ,2020,3372.9976
Kyrgyzstan,KGZ,2021,4017.1
Kyrgyzstan,KGZ,2022,2734.5
Kyrgyzstan,KGZ,2023,1512.9
Laos,LAO,2012,12806.468
Laos,LAO,2013,11783.319
Laos,LAO,2014,10806.579
Laos,LAO,2015,11931.558
Laos,LAO,2016,12040.284
Laos,LAO,2017,10398.472
Laos,LAO,2018,9725.667
Laos,LAO,2019,11170.034
Laos,LAO,2020,12416.715
Laos,LAO,2021,11464.33
Laos,LAO,2022,10082.211
Laos,LAO,2023,11151.341
Laos,LAO,2024,5162.2656
Latvia,LVA,2012,416
Latvia,LVA,2013,156
Latvia,LVA,2014,801.3333
Latvia,LVA,2015,405.6667
Latvia,LVA,2016,565
Latvia,LVA,2017,299.5
Latvia,LVA,2018,3785.5
Latvia,LVA,2019,1021.5
Latvia,LVA,2020,621
Latvia,LVA,2021,476
Latvia,LVA,2022,491.3333
Latvia,LVA,2023,338
Latvia,LVA,2024,157
Lebanon,LBN,2012,682
Lebanon,LBN,2013,2869
Lebanon,LBN,2014,439
Lebanon,LBN,2015,734
Lebanon,LBN,2016,1786.3334
Lebanon,LBN,2017,1692.5
Lebanon,LBN,2018,472
Lebanon,LBN,2019,1786
Lebanon,LBN,2020,1500.6364
Lebanon,LBN,2021,3318.3333
Lebanon,LBN,2022,1375
Lebanon,LBN,2023,1853.8334
Lesotho,LSO,2012,1959.2262
Lesotho,LSO,2013,5207.4067
Lesotho,LSO,2014,5237.419
Lesotho,LSO,2015,4455.6753
Lesotho,LSO,2016,2635
Lesotho,LSO,2017,4253.169
Lesotho,LSO,2018,3505.0417
Lesotho,LSO,2019,6227.5137
Lesotho,LSO,2020,3570.361
Lesotho,LSO,2021,4652.7026
Lesotho,LSO,2022,4345.626
Lesotho,LSO,2023,3970.3267
Lesotho,LSO,2024,239
Liberia,LBR,2012,6705.747
Liberia,LBR,2013,8422.056
Liberia,LBR,2014,7951.114
Liberia,LBR,2015,8075.8965
Liberia,LBR,2016,7416.909
Liberia,LBR,2017,8700.311
Liberia,LBR,2018,6501.02
Liberia,LBR,2019,7350.738
Liberia,LBR,2020,6496.86
Liberia,LBR,2021,6425.234
Liberia,LBR,2022,6288.9473
Liberia,LBR,2023,6946.5425
Liberia,LBR,2024,3985.8726
Libya,LBY,2012,3008.75
Libya,LBY,2013,4326.5
Libya,LBY,2014,2492.8333
Libya,LBY,2015,3008.8333
Libya,LBY,2016,1826
Libya,LBY,2017,3102.5
Libya,LBY,2018,2664.6667
Libya,LBY,2019,3672
Libya,LBY,2020,4032.25
Libya,LBY,2021,2868
Libya,LBY,2022,3225
Libya,LBY,2023,2391
Libya,LBY,2024,112
Lithuania,LTU,2012,557.4
Lithuania,LTU,2013,135.8
Lithuania,LTU,2014,797.3333
Lithuania,LTU,2015,791.3333
Lithuania,LTU,2016,112
Lithuania,LTU,2017,382
Lithuania,LTU,2018,822
Lithuania,LTU,2019,1046.3333
Lithuania,LTU,2020,387
Lithuania,LTU,2021,382.5
Lithuania,LTU,2022,119
Lithuania,LTU,2023,756
Madagascar,MDG,2012,13409.657
Madagascar,MDG,2013,14478.603
Madagascar,MDG,2014,13980.091
Madagascar,MDG,2015,12980.261
Madagascar,MDG,2016,14428.555
Madagascar,MDG,2017,14474.958
Madagascar,MDG,2018,11830.411
Madagascar,MDG,2019,15079.914
Madagascar,MDG,2020,14299.018
Madagascar,MDG,2021,13498.068
Madagascar,MDG,2022,13929.793
Madagascar,MDG,2023,13922.846
Madagascar,MDG,2024,2142.4277
Malawi,MWI,2012,11206.891
Malawi,MWI,2013,11855.706
Malawi,MWI,2014,11812.325
Malawi,MWI,2015,11050.446
Malawi,MWI,2016,14575.833
Malawi,MWI,2017,9452.228
Malawi,MWI,2018,9060.033
Malawi,MWI,2019,11653.466
Malawi,MWI,2020,12191.759
Malawi,MWI,2021,11363.566
Malawi,MWI,2022,10085.533
Malawi,MWI,2023,9565.939
Malawi,MWI,2024,781
Malaysia,MYS,2012,14375.826
Malaysia,MYS,2013,13631.161
Malaysia,MYS,2014,14938.658
Malaysia,MYS,2015,14274.494
Malaysia,MYS,2016,13853.785
Malaysia,MYS,2017,11645.901
Malaysia,MYS,2018,10777.604
Malaysia,MYS,2019,13085.088
Malaysia,MYS,2020,10776.735
Malaysia,MYS,2021,8845.357
Malaysia,MYS,2022,7926.9453
Malaysia,MYS,2023,10272.73
Malaysia,MYS,2024,3527.7576
Mali,MLI,2012,14071.906
Mali,MLI,2013,15769.159
Mali,MLI,2014,15292.518
Mali,MLI,2015,14279.733
Mali,MLI,2016,14415.012
Mali,MLI,2017,14454.762
Mali,MLI,2018,12584.129
Mali,MLI,2019,15663.38
Mali,MLI,2020,16210.667
Mali,MLI,2021,15735.628
Mali,MLI,2022,15148.61
Mali,MLI,2023,15905.717
Mali,MLI,2024,5222.438
Malta,MLT,2020,174
Martinique,MTQ,2019,181
Martinique,MTQ,2021,384
Mauritania,MRT,2012,10472.215
Mauritania,MRT,2013,17911.207
Mauritania,MRT,2014,14323.467
Mauritania,MRT,2015,8596.417
Mauritania,MRT,2016,20670.92
Mauritania,MRT,2017,15663.06
Mauritania,MRT,2018,4917.9165
Mauritania,MRT,2019,13475.038
Mauritania,MRT,2020,10762.472
Mauritania,MRT,2021,19344.033
Mauritania,MRT,2022,16074.991
Mauritania,MRT,2023,23942.758
Mauritania,MRT,2024,6835.7666
Mauritius,MUS,2012,622
Mauritius,MUS,2013,619
Mauritius,MUS,2014,1325.5
Mauritius,MUS,2016,766
Mauritius,MUS,2017,539
Mauritius,MUS,2018,461
Mauritius,MUS,2019,732
Mauritius,MUS,2020,909
Mauritius,MUS,2021,197
Mauritius,MUS,2022,809
Mayotte,MYT,2013,268
Mayotte,MYT,2016,169
Mexico,MEX,2012,15944.273
Mexico,MEX,2013,15506.857
Mexico,MEX,2014,14285.279
Mexico,MEX,2015,14072.152
Mexico,MEX,2016,15600.883
Mexico,MEX,2017,17396.72
Mexico,MEX,2018,15106.361
Mexico,MEX,2019,17795.14
Mexico,MEX,2020,16883.975
Mexico,MEX,2021,16556.064
Mexico,MEX,2022,15089.544
Mexico,MEX,2023,13917.342
Mexico,MEX,2024,5330.4756
Micronesia (country),FSM,2016,245.5
Moldova,MDA,2012,2849.6807
Moldova,MDA,2013,4029.06
Moldova,MDA,2014,4718.795
Moldova,MDA,2015,4924.0396
Moldova,MDA,2016,4716.742
Moldova,MDA,2017,4386.1743
Moldova,MDA,2018,3024.4883
Moldova,MDA,2019,4442.2954
Moldova,MDA,2020,3232.0588
Moldova,MDA,2021,3353.3586
Moldova,MDA,2022,3429.947
Moldova,MDA,2023,3067
Moldova,MDA,2024,160
Mongolia,MNG,2012,29011.012
Mongolia,MNG,2013,14877.4795
Mongolia,MNG,2014,17710.96
Mongolia,MNG,2015,33919.973
Mongolia,MNG,2016,22874.416
Mongolia,MNG,2017,19259.148
Mongolia,MNG,2018,17127.766
Mongolia,MNG,2019,9408.802
Mongolia,MNG,2020,9507.443
Mongolia,MNG,2021,6723.0405
Mongolia,MNG,2022,11374.646
Mongolia,MNG,2023,10103.085
Mongolia,MNG,2024,469
Montenegro,MNE,2012,7971.9717
Montenegro,MNE,2013,1807.8333
Montenegro,MNE,2014,784
Montenegro,MNE,2015,8153.2817
Montenegro,MNE,2016,3130.3142
Montenegro,MNE,2017,10226.949
Montenegro,MNE,2018,3346.5554
Montenegro,MNE,2019,2139.1194
Montenegro,MNE,2020,7430.4165
Montenegro,MNE,2021,15438.633
Montenegro,MNE,2022,5717.299
Montenegro,MNE,2024,851.8334
Montserrat,MSR,2020,301
Morocco,MAR,2012,7207.583
Morocco,MAR,2013,5406.5
Morocco,MAR,2014,4476.0835
Morocco,MAR,2015,4191.2
Morocco,MAR,2016,7058.222
Morocco,MAR,2017,6086.25
Morocco,MAR,2018,4036.7888
Morocco,MAR,2019,7747.5
Morocco,MAR,2020,8328.892
Morocco,MAR,2021,6153.6665
Morocco,MAR,2022,9980.017
Morocco,MAR,2023,9912.75
Morocco,MAR,2024,268
Mozambique,MOZ,2012,16859.424
Mozambique,MOZ,2013,17152.23
Mozambique,MOZ,2014,16069.706
Mozambique,MOZ,2015,18023.57
Mozambique,MOZ,2016,16668.686
Mozambique,MOZ,2017,15665.43
Mozambique,MOZ,2018,13730.685
Mozambique,MOZ,2019,16379.463
Mozambique,MOZ,2020,17016.898
Mozambique,MOZ,2021,16574.227
Mozambique,MOZ,2022,16548.574
Mozambique,MOZ,2023,17648.9
Mozambique,MOZ,2024,3442.8105
Myanmar,MMR,2012,10024.015
Myanmar,MMR,2013,10375.531
Myanmar,MMR,2014,11831.815
Myanmar,MMR,2015,10884.011
Myanmar,MMR,2016,10209.73
Myanmar,MMR,2017,10699.824
Myanmar,MMR,2018,8449.419
Myanmar,MMR,2019,11172.309
Myanmar,MMR,2020,10788.056
Myanmar,MMR,2021,10538.582
Myanmar,MMR,2022,9933.455
Myanmar,MMR,2023,10579.249
Myanmar,MMR,2024,6107.606
Namibia,NAM,2012,28068.77
Namibia,NAM,2013,28580.795
Namibia,NAM,2014,15746.285
Namibia,NAM,2015,25822.178
Namibia,NAM,2016,22967.82
Namibia,NAM,2017,16740.604
Namibia,NAM,2018,16005.263
Namibia,NAM,2019,22189.81
Namibia,NAM,2020,22916.727
Namibia,NAM,2021,24193.082
Namibia,NAM,2022,23615.678
Namibia,NAM,2023,24636.94
Namibia,NAM,2024,2944.014
Nepal,NPL,2012,8956.496
Nepal,NPL,2013,9003.822
Nepal,NPL,2014,10074.695
Nepal,NPL,2015,8946.345
Nepal,NPL,2016,10835.619
Nepal,NPL,2017,9943.691
Nepal,NPL,2018,8960.946
Nepal,NPL,2019,10395.14
Nepal,NPL,2020,8003.489
Nepal,NPL,2021,8215.223
Nepal,NPL,2022,8066.836
Nepal,NPL,2023,8985.512
Nepal,NPL,2024,4089.9785
Netherlands,NLD,2013,591
Netherlands,NLD,2014,618.5
Netherlands,NLD,2015,278
Netherlands,NLD,2018,549
Netherlands,NLD,2019,429
Netherlands,NLD,2020,1307
Netherlands,NLD,2021,105
Netherlands,NLD,2022,525
Netherlands,NLD,2023,696
New Caledonia,NCL,2012,2020
New Caledonia,NCL,2013,5308.5
New Caledonia,NCL,2014,8815.717
New Caledonia,NCL,2015,4230.8
New Caledonia,NCL,2016,7698.107
New Caledonia,NCL,2017,9106.596
New Caledonia,NCL,2018,4052.75
New Caledonia,NCL,2019,9082.478
New Caledonia,NCL,2020,4898.4165
New Caledonia,NCL,2021,5939.2495
New Caledonia,NCL,2022,3988.5
New Caledonia,NCL,2023,9285.511
New Caledonia,NCL,2024,1030
New Zealand,NZL,2012,7430.473
New Zealand,NZL,2013,9311.715
New Zealand,NZL,2014,9034.314
New Zealand,NZL,2015,11401.267
New Zealand,NZL,2016,8618.393
New Zealand,NZL,2017,10975.858
New Zealand,NZL,2018,7062.633
New Zealand,NZL,2019,10354.127
New Zealand,NZL,2020,10567.698
New Zealand,NZL,2021,8888.955
New Zealand,NZL,2022,8673.007
New Zealand,NZL,2023,9203.256
New Zealand,NZL,2024,2229.7358
Nicaragua,NIC,2012,9750.636
Nicaragua,NIC,2013,10417.524
Nicaragua,NIC,2014,10009.476
Nicaragua,NIC,2015,10772.821
Nicaragua,NIC,2016,15899.357
Nicaragua,NIC,2017,13043.336
Nicaragua,NIC,2018,11977.314
Nicaragua,NIC,2019,12198.601
Nicaragua,NIC,2020,8574.461
Nicaragua,NIC,2021,9947.402
Nicaragua,NIC,2022,10866.467
Nicaragua,NIC,2023,9844.5625
Nicaragua,NIC,2024,4430.061
Niger,NER,2012,14601.637
Niger,NER,2013,11909.141
Niger,NER,2014,13028.671
Niger,NER,2015,14327.603
Niger,NER,2016,15594.204
Niger,NER,2017,15800.082
Niger,NER,2018,11981.833
Niger,NER,2019,14284.25
Niger,NER,2020,12654.224
Niger,NER,2021,17135.766
Niger,NER,2022,14417.146
Niger,NER,2023,13227.64
Niger,NER,2024,4976.4106
Nigeria,NGA,2012,14067.962
Nigeria,NGA,2013,14175.245
Nigeria,NGA,2014,14531.872
Nigeria,NGA,2015,15436.118
Nigeria,NGA,2016,18517.31
Nigeria,NGA,2017,17007.76
Nigeria,NGA,2018,13729.588
Nigeria,NGA,2019,16344.024
Nigeria,NGA,2020,15674.894
Nigeria,NGA,2021,16891.227
Nigeria,NGA,2022,15081.759
Nigeria,NGA,2023,16060.559
Nigeria,NGA,2024,4403.609
North America,,2012,23778.947
North America,,2013,21723.41
North America,,2014,22014.889
North America,,2015,22526.568
North America,,2016,19084.477
North America,,2017,25701.797
North America,,2018,22950.447
North America,,2019,19249.309
North America,,2020,25524.385
North America,,2021,28647.39
North America,,2022,21801.615
North America,,2023,23197.654
North America,,2024,4532.3657
North Korea,PRK,2012,4061.4053
North Korea,PRK,2013,5554.4478
North Korea,PRK,2014,8067.4307
North Korea,PRK,2015,6394.1567
North Korea,PRK,2016,3829.7986
North Korea,PRK,2017,7597.014
North Korea,PRK,2018,4783.945
North Korea,PRK,2019,6750.2974
North Korea,PRK,2020,4699.387
North Korea,PRK,2021,2977.1904
North Korea,PRK,2022,3258.4004
North Korea,PRK,2023,4459.8
North Korea,PRK,2024,2205.9668
North Macedonia,MKD,2012,11344.939
North Macedonia,MKD,2013,7927.5093
North Macedonia,MKD,2014,6152.8335
North Macedonia,MKD,2015,9056.377
North Macedonia,MKD,2016,7138.7383
North Macedonia,MKD,2017,10225.044
North Macedonia,MKD,2018,5477.07
North Macedonia,MKD,2019,11364.83
North Macedonia,MKD,2020,6581.75
North Macedonia,MKD,2021,8180.096
North Macedonia,MKD,2022,5187.0117
North Macedonia,MKD,2023,6824.075
North Macedonia,MKD,2024,1457.125
Northern Cyprus,OWID_CYN,2012,1504
Northern Cyprus,OWID_CYN,2013,317
Northern Cyprus,OWID_CYN,2014,150
Northern Cyprus,OWID_CYN,2017,370
Northern Cyprus,OWID_CYN,2018,11
Northern Cyprus,OWID_CYN,2020,657.5
Northern Cyprus,OWID_CYN,2021,336
Northern Cyprus,OWID_CYN,2022,2747
Northern Cyprus,OWID_CYN,2023,172
Northern Mariana Islands,MNP,2012,357
Northern Mariana Islands,MNP,2013,557
Northern Mariana Islands,MNP,2016,834
Northern Mariana Islands,MNP,2017,355
Northern Mariana Islands,MNP,2018,658
Northern Mariana Islands,MNP,2019,1136
Northern Mariana Islands,MNP,2020,354
Northern Mariana Islands,MNP,2021,518
Northern Mariana Islands,MNP,2023,202
Northern Mariana Islands,MNP,2024,446
Norway,NOR,2012,510
Norway,NOR,2013,916
Norway,NOR,2014,1303.6666
Norway,NOR,2015,229
Norway,NOR,2016,235
Norway,NOR,2017,539.5
Norway,NOR,2018,846.25
Norway,NOR,2019,1155.3333
Norway,NOR,2020,639
Norway,NOR,2021,313
Norway,NOR,2022,681
Norway,NOR,2023,401
Norway,NOR,2024,195
Oceania,,2012,55751.074
Oceania,,2013,41600.54
Oceania,,2014,44135.574
Oceania,,2015,41059.992
Oceania,,2016,34600.34
Oceania,,2017,39467.496
Oceania,,2018,38783.332
Oceania,,2019,57355.76
Oceania,,2020,36026.453
Oceania,,2021,32639.262
Oceania,,2022,37228.047
Oceania,,2023,51159.17
Oceania,,2024,7697.1567
Oman,OMN,2012,742
Oman,OMN,2013,240
Oman,OMN,2014,504
Oman,OMN,2015,552
Oman,OMN,2016,599
Oman,OMN,2017,1239
Oman,OMN,2018,384
Oman,OMN,2019,635
Oman,OMN,2020,897
Oman,OMN,2021,3471
Oman,OMN,2022,1286.5
Pakistan,PAK,2012,11322.437
Pakistan,PAK,2013,10796.348
Pakistan,PAK,2014,10613.353
Pakistan,PAK,2015,10346.909
Pakistan,PAK,2016,12341.37
Pakistan,PAK,2017,11141.559
Pakistan,PAK,2018,9817.703
Pakistan,PAK,2019,10847.955
Pakistan,PAK,2020,10796.213
Pakistan,PAK,2021,11845.603
Pakistan,PAK,2022,10326.771
Pakistan,PAK,2023,10615.291
Pakistan,PAK,2024,3294.7004
Palau,PLW,2013,170
Palau,PLW,2018,173
Palau,PLW,2020,188
Palestine,PSE,2012,97
Palestine,PSE,2013,1063
Palestine,PSE,2014,3
Palestine,PSE,2015,2641
Palestine,PSE,2016,2455
Palestine,PSE,2017,237
Palestine,PSE,2019,2048.5
Palestine,PSE,2020,2095
Palestine,PSE,2021,2125.9167
Palestine,PSE,2022,694
Palestine,PSE,2023,722.5
Panama,PAN,2012,4059.1948
Panama,PAN,2013,4707.1694
Panama,PAN,2014,4340.6724
Panama,PAN,2015,6162.6978
Panama,PAN,2016,5735.2695
Panama,PAN,2017,5069.3477
Panama,PAN,2018,3108.274
Panama,PAN,2019,5320.3325
Panama,PAN,2020,4904.0117
Panama,PAN,2021,4290.7407
Panama,PAN,2022,4455.2886
Panama,PAN,2023,5323.586
Panama,PAN,2024,3244.1023
Papua New Guinea,PNG,2012,16749.861
Papua New Guinea,PNG,2013,16660.156
Papua New Guinea,PNG,2014,15954.881
Papua New Guinea,PNG,2015,17452.842
Papua New Guinea,PNG,2016,15398.297
Papua New Guinea,PNG,2017,17365.75
Papua New Guinea,PNG,2018,12123.62
Papua New Guinea,PNG,2019,15293.362
Papua New Guinea,PNG,2020,13760.578
Papua New Guinea,PNG,2021,13698.587
Papua New Guinea,PNG,2022,14625.721
Papua New Guinea,PNG,2023,14237.684
Papua New Guinea,PNG,2024,2933.625
Paraguay,PRY,2012,19069.795
Paraguay,PRY,2013,19605.023
Paraguay,PRY,2014,19182.312
Paraguay,PRY,2015,20023.418
Paraguay,PRY,2016,18627.88
Paraguay,PRY,2017,18904.902
Paraguay,PRY,2018,17055.764
Paraguay,PRY,2019,21098.574
Paraguay,PRY,2020,23102.857
Paraguay,PRY,2021,21280.445
Paraguay,PRY,2022,20024.227
Paraguay,PRY,2023,22369.043
Paraguay,PRY,2024,6348.3047
Peru,PER,2012,11408.89
Peru,PER,2013,13060.624
Peru,PER,2014,12409.654
Peru,PER,2015,12934.617
Peru,PER,2016,13228.9375
Peru,PER,2017,13190.648
Peru,PER,2018,11032.239
Peru,PER,2019,12986.174
Peru,PER,2020,12990.164
Peru,PER,2021,12246.167
Peru,PER,2022,13516.081
Peru,PER,2023,12678.417
Peru,PER,2024,2381.2583
Philippines,PHL,2012,9482.911
Philippines,PHL,2013,8672.808
Philippines,PHL,2014,9541.418
Philippines,PHL,2015,12447.652
Philippines,PHL,2016,11052.58
Philippines,PHL,2017,9023.764
Philippines,PHL,2018,12592.236
Philippines,PHL,2019,9964.959
Philippines,PHL,2020,8426.624
Philippines,PHL,2021,9819.518
Philippines,PHL,2022,9586.334
Philippines,PHL,2023,20334.848
Philippines,PHL,2024,4412.2754
Poland,POL,2012,2072.125
Poland,POL,2013,971.3333
Poland,POL,2014,2325.5417
Poland,POL,2015,2307.6428
Poland,POL,2016,2092.3333
Poland,POL,2017,850
Poland,POL,2018,2086.2
Poland,POL,2019,2644.8333
Poland,POL,2020,3257.9
Poland,POL,2021,1252
Poland,POL,2022,1664.325
Poland,POL,2023,1015.5
Portugal,PRT,2012,9699.119
Portugal,PRT,2013,9701.52
Portugal,PRT,2014,7035.314
Portugal,PRT,2015,10857.535
Portugal,PRT,2016,8945.163
Portugal,PRT,2017,17397.924
Portugal,PRT,2018,12585.126
Portugal,PRT,2019,9865.429
Portugal,PRT,2020,10214.817
Portugal,PRT,2021,6877.7734
Portugal,PRT,2022,12899.203
Portugal,PRT,2023,8658.225
Portugal,PRT,2024,1162
Puerto Rico,PRI,2012,1164.1666
Puerto Rico,PRI,2013,2498
Puerto Rico,PRI,2014,1782.5
Puerto Rico,PRI,2015,1528
Puerto Rico,PRI,2016,1087.5
Puerto Rico,PRI,2017,848
Puerto Rico,PRI,2018,1120
Puerto Rico,PRI,2019,2133.6667
Puerto Rico,PRI,2021,579
Puerto Rico,PRI,2022,976.5
Puerto Rico,PRI,2023,481
Puerto Rico,PRI,2024,380
Qatar,QAT,2012,942
Qatar,QAT,2013,1094.5
Qatar,QAT,2014,2159
Qatar,QAT,2015,1989
Qatar,QAT,2016,2122.5
Qatar,QAT,2017,1332.5
Qatar,QAT,2018,880
Qatar,QAT,2019,1963.5
Qatar,QAT,2020,333
Reunion,REU,2013,288
Reunion,REU,2014,833
Reunion,REU,2015,9258.5
Reunion,REU,2016,3579
Reunion,REU,2017,8971.5
Reunion,REU,2018,7052
Reunion,REU,2019,10326
Reunion,REU,2020,8308
Reunion,REU,2021,9745
Reunion,REU,2022,7508.5
Reunion,REU,2023,2534
Romania,ROU,2012,7656.6567
Romania,ROU,2013,8563.881
Romania,ROU,2014,7861.286
Romania,ROU,2015,7790.4697
Romania,ROU,2016,7391.485
Romania,ROU,2017,8703.342
Romania,ROU,2018,5850.003
Romania,ROU,2019,8432.818
Romania,ROU,2020,9673.076
Romania,ROU,2021,7376.4395
Romania,ROU,2022,8169.0654
Romania,ROU,2023,6625.7075
Romania,ROU,2024,2073.3228
Russia,RUS,2012,22212.844
Russia,RUS,2013,17480.578
Russia,RUS,2014,19976.64
Russia,RUS,2015,20521.148
Russia,RUS,2016,25851.05
Russia,RUS,2017,19794.432
Russia,RUS,2018,20815.219
Russia,RUS,2019,24796.611
Russia,RUS,2020,22926.445
Russia,RUS,2021,27615.3
Russia,RUS,2022,19449.04
Russia,RUS,2023,21382.502
Russia,RUS,2024,3304.585
Rwanda,RWA,2012,3727.4424
Rwanda,RWA,2013,9549.321
Rwanda,RWA,2014,4403.65
Rwanda,RWA,2015,12341.642
Rwanda,RWA,2016,7537.8906
Rwanda,RWA,2017,8090.8213
Rwanda,RWA,2018,4197.0557
Rwanda,RWA,2019,5790.75
Rwanda,RWA,2020,6950.919
Rwanda,RWA,2021,5945.5713
Rwanda,RWA,2022,5421.104
Rwanda,RWA,2023,4799.0166
Saint Kitts and Nevis,KNA,2013,202
Saint Kitts and Nevis,KNA,2014,580
Saint Kitts and Nevis,KNA,2015,200
Saint Kitts and Nevis,KNA,2017,315
Saint Kitts and Nevis,KNA,2018,516
Saint Kitts and Nevis,KNA,2019,585
Saint Kitts and Nevis,KNA,2020,170
Saint Kitts and Nevis,KNA,2022,513
Saint Lucia,LCA,2015,235
Saint Lucia,LCA,2020,177
Saint Vincent and the Grenadines,VCT,2020,245
Saint Vincent and the Grenadines,VCT,2021,1714
Sao Tome and Principe,STP,2012,738
Sao Tome and Principe,STP,2019,561
Sao Tome and Principe,STP,2020,675
Saudi Arabia,SAU,2012,4977.25
Saudi Arabia,SAU,2013,5562.4165
Saudi Arabia,SAU,2014,5497.8335
Saudi Arabia,SAU,2015,5395.25
Saudi Arabia,SAU,2016,5582.1665
Saudi Arabia,SAU,2017,5880.25
Saudi Arabia,SAU,2018,4445.2
Saudi Arabia,SAU,2019,5732
Saudi Arabia,SAU,2020,5385.8335
Saudi Arabia,SAU,2021,6476.4165
Saudi Arabia,SAU,2022,8297.333
Saudi Arabia,SAU,2023,4215.1167
Saudi Arabia,SAU,2024,1301
Senegal,SEN,2012,14074.8545
Senegal,SEN,2013,15582.282
Senegal,SEN,2014,15758.993
Senegal,SEN,2015,14854.68
Senegal,SEN,2016,16348.66
Senegal,SEN,2017,18173.959
Senegal,SEN,2018,13632.262
Senegal,SEN,2019,16755.654
Senegal,SEN,2020,15638.508
Senegal,SEN,2021,17939.479
Senegal,SEN,2022,16361.781
Senegal,SEN,2023,17666.822
Senegal,SEN,2024,6963.5938
Serbia,SRB,2012,5898.742
Serbia,SRB,2013,4830.0527
Serbia,SRB,2014,3705.975
Serbia,SRB,2015,5750.3945
Serbia,SRB,2016,5021.7915
Serbia,SRB,2017,6773.419
Serbia,SRB,2018,3708.7927
Serbia,SRB,2019,6701.879
Serbia,SRB,2020,6836.249
Serbia,SRB,2021,4892.3564
Serbia,SRB,2022,4297.985
Serbia,SRB,2023,5313.222
Serbia,SRB,2024,1574.262
Sierra Leone,SLE,2012,8740.813
Sierra Leone,SLE,2013,8620.475
Sierra Leone,SLE,2014,9153.198
Sierra Leone,SLE,2015,9224.83
Sierra Leone,SLE,2016,8306.998
Sierra Leone,SLE,2017,8718.357
Sierra Leone,SLE,2018,7730.2256
Sierra Leone,SLE,2019,8725.363
Sierra Leone,SLE,2020,8948.917
Sierra Leone,SLE,2021,7957.013
Sierra Leone,SLE,2022,8351.204
Sierra Leone,SLE,2023,8498.888
Sierra Leone,SLE,2024,4694.5166
Slovakia,SVK,2012,2098
Slovakia,SVK,2013,626
Slovakia,SVK,2014,775.75
Slovakia,SVK,2015,962
Slovakia,SVK,2016,439
Slovakia,SVK,2017,471.5
Slovakia,SVK,2018,791
Slovakia,SVK,2019,285
Slovakia,SVK,2020,445
Slovakia,SVK,2022,755.6
Slovakia,SVK,2023,125
Slovenia,SVN,2012,464
Slovenia,SVN,2013,170
Slovenia,SVN,2016,478
Slovenia,SVN,2017,935
Slovenia,SVN,2019,163
Slovenia,SVN,2022,1731.5
Slovenia,SVN,2023,77
Solomon Islands,SLB,2012,5553
Solomon Islands,SLB,2013,135
Solomon Islands,SLB,2014,391
Solomon Islands,SLB,2015,1557.5
Solomon Islands,SLB,2016,616
Solomon Islands,SLB,2017,357
Solomon Islands,SLB,2018,451.5
Solomon Islands,SLB,2019,2436
Solomon Islands,SLB,2020,2398
Solomon Islands,SLB,2021,1894
Solomon Islands,SLB,2022,3629
Solomon Islands,SLB,2023,2347.5
Solomon Islands,SLB,2024,563
Somalia,SOM,2012,12126.597
Somalia,SOM,2013,15417.738
Somalia,SOM,2014,7731.005
Somalia,SOM,2015,6473.6665
Somalia,SOM,2016,7336.94
Somalia,SOM,2017,5872.0835
Somalia,SOM,2018,2171.275
Somalia,SOM,2019,6820.024
Somalia,SOM,2020,8189.7
Somalia,SOM,2021,9390.279
Somalia,SOM,2022,6263.5
Somalia,SOM,2023,3459
Somalia,SOM,2024,2972.1667
South Africa,ZAF,2012,21863.49
South Africa,ZAF,2013,20002.576
South Africa,ZAF,2014,18687.254
South Africa,ZAF,2015,20930.133
South Africa,ZAF,2016,22555.646
South Africa,ZAF,2017,24527.338
South Africa,ZAF,2018,16807.398
South Africa,ZAF,2019,19107.299
South Africa,ZAF,2020,16705.047
South Africa,ZAF,2021,19133
South Africa,ZAF,2022,17308.203
South Africa,ZAF,2023,20328.82
South Africa,ZAF,2024,6074.973
South America,,2012,20774.469
South America,,2013,18587.045
South America,,2014,19628.55
South America,,2015,20275.844
South America,,2016,21264.8
South America,,2017,21424
South America,,2018,17185.42
South America,,2019,21990.912
South America,,2020,22153.19
South America,,2021,20453.64
South America,,2022,21230.508
South America,,2023,20315.338
South America,,2024,6060.3765
South Korea,KOR,2012,1089
South Korea,KOR,2013,1431
South Korea,KOR,2014,3496.4
South Korea,KOR,2015,2417
South Korea,KOR,2016,1318.8667
South Korea,KOR,2017,4371.4
South Korea,KOR,2018,2067.5
South Korea,KOR,2019,2412.5
South Korea,KOR,2020,3125.75
South Korea,KOR,2021,717.6666
South Korea,KOR,2022,7570.2915
South Korea,KOR,2023,2361.5
South Sudan,SSD,2012,21163.031
South Sudan,SSD,2013,22659.07
South Sudan,SSD,2014,20194.848
South Sudan,SSD,2015,22277.58
South Sudan,SSD,2016,21909.764
South Sudan,SSD,2017,21355.695
South Sudan,SSD,2018,19361.47
South Sudan,SSD,2019,20064.14
South Sudan,SSD,2020,20905.191
South Sudan,SSD,2021,19689.28
South Sudan,SSD,2022,20137.445
South Sudan,SSD,2023,21771.895
South Sudan,SSD,2024,7342.05
Spain,ESP,2012,21976.355
Spain,ESP,2013,12665.529
Spain,ESP,2014,11463.073
Spain,ESP,2015,14542.227
Spain,ESP,2016,11404.08
Spain,ESP,2017,15516.906
Spain,ESP,2018,9301.8955
Spain,ESP,2019,15356.971
Spain,ESP,2020,11589.978
Spain,ESP,2021,23233.365
Spain,ESP,2022,24191.504
Spain,ESP,2023,19087.633
Spain,ESP,2024,2496.3667
Sri Lanka,LKA,2012,7817.087
Sri Lanka,LKA,2013,6046.7363
Sri Lanka,LKA,2014,7999.3086
Sri Lanka,LKA,2015,5041.377
Sri Lanka,LKA,2016,7349.743
Sri Lanka,LKA,2017,6737.231
Sri Lanka,LKA,2018,6116.5615
Sri Lanka,LKA,2019,7040.1816
Sri Lanka,LKA,2020,6648.314
Sri Lanka,LKA,2021,4474.8877
Sri Lanka,LKA,2022,6521.619
Sri Lanka,LKA,2023,4555.6816
Sri Lanka,LKA,2024,517.25
Sudan,SDN,2012,18224.254
Sudan,SDN,2013,18275.303
Sudan,SDN,2014,17256.56
Sudan,SDN,2015,18430.783
Sudan,SDN,2016,18046.984
Sudan,SDN,2017,18696.334
Sudan,SDN,2018,14719.033
Sudan,SDN,2019,17035.904
Sudan,SDN,2020,17003.92
Sudan,SDN,2021,17319.928
Sudan,SDN,2022,15606.59
Sudan,SDN,2023,16478.797
Sudan,SDN,2024,5105.458
Suriname,SUR,2012,6201.3135
Suriname,SUR,2013,7595.45
Suriname,SUR,2014,7732.048
Suriname,SUR,2015,9247.518
Suriname,SUR,2016,7370.3877
Suriname,SUR,2017,7245.256
Suriname,SUR,2018,5198.068
Suriname,SUR,2019,9461.115
Suriname,SUR,2020,8880.332
Suriname,SUR,2021,3280.381
Suriname,SUR,2022,4081.8333
Suriname,SUR,2023,8569.375
Suriname,SUR,2024,7374.1636
Svalbard and Jan Mayen,SJM,2017,101
Sweden,SWE,2012,415.3
Sweden,SWE,2013,1025
Sweden,SWE,2014,6662.4165
Sweden,SWE,2015,741.6
Sweden,SWE,2016,1331.8
Sweden,SWE,2017,1232.5
Sweden,SWE,2018,3750.5835
Sweden,SWE,2019,1284.0667
Sweden,SWE,2020,1754.8572
Sweden,SWE,2021,1243.5
Sweden,SWE,2022,1485
Sweden,SWE,2023,509
Switzerland,CHE,2015,162
Switzerland,CHE,2016,252.5
Switzerland,CHE,2017,90.333336
Switzerland,CHE,2018,321
Switzerland,CHE,2019,13
Switzerland,CHE,2020,160
Switzerland,CHE,2021,100
Switzerland,CHE,2022,740
Switzerland,CHE,2023,380
Syria,SYR,2012,10711.393
Syria,SYR,2013,9922.003
Syria,SYR,2014,9192.474
Syria,SYR,2015,8577.258
Syria,SYR,2016,8842.9795
Syria,SYR,2017,12137.037
Syria,SYR,2018,6413.5195
Syria,SYR,2019,10072.692
Syria,SYR,2020,10599.732
Syria,SYR,2021,8828.84
Syria,SYR,2022,7212.786
Syria,SYR,2023,8616.283
Syria,SYR,2024,806.75
Taiwan,TWN,2012,302
Taiwan,TWN,2013,435
Taiwan,TWN,2014,1226
Taiwan,TWN,2015,1408
Taiwan,TWN,2016,365
Taiwan,TWN,2017,352
Taiwan,TWN,2018,995
Taiwan,TWN,2019,1109
Taiwan,TWN,2020,1326
Taiwan,TWN,2021,1406
Taiwan,TWN,2022,392
Taiwan,TWN,2023,1676.5
Taiwan,TWN,2024,166
Tajikistan,TJK,2012,1999.1666
Tajikistan,TJK,2013,4785.019
Tajikistan,TJK,2014,5150.667
Tajikistan,TJK,2015,2564.1667
Tajikistan,TJK,2016,3207.1667
Tajikistan,TJK,2017,2944
Tajikistan,TJK,2018,1735
Tajikistan,TJK,2019,2805.5
Tajikistan,TJK,2020,4198.25
Tajikistan,TJK,2021,2444.75
Tajikistan,TJK,2022,2089.8333
Tajikistan,TJK,2023,1769
Tajikistan,TJK,2024,579
Tanzania,TZA,2012,17953.938
Tanzania,TZA,2013,19754.926
Tanzania,TZA,2014,17947.072
Tanzania,TZA,2015,18412.605
Tanzania,TZA,2016,17920.178
Tanzania,TZA,2017,16625.01
Tanzania,TZA,2018,14716.92
Tanzania,TZA,2019,18357.402
Tanzania,TZA,2020,15767.757
Tanzania,TZA,2021,19242.236
Tanzania,TZA,2022,16321.854
Tanzania,TZA,2023,15910.092
Tanzania,TZA,2024,3236.0583
Thailand,THA,2012,11879.343
Thailand,THA,2013,9795.09
Thailand,THA,2014,11396.013
Thailand,THA,2015,10718.129
Thailand,THA,2016,12902.631
Thailand,THA,2017,9434.702
Thailand,THA,2018,9210.49
Thailand,THA,2019,15458.507
Thailand,THA,2020,11441.2705
Thailand,THA,2021,9686.352
Thailand,THA,2022,8049.1133
Thailand,THA,2023,11534.902
Thailand,THA,2024,5736.3687
Togo,TGO,2012,7118.2056
Togo,TGO,2013,7233.72
Togo,TGO,2014,7508.7715
Togo,TGO,2015,7326.108
Togo,TGO,2016,7556.2095
Togo,TGO,2017,7379.412
Togo,TGO,2018,4730.115
Togo,TGO,2019,6737.588
Togo,TGO,2020,7280.885
Togo,TGO,2021,6977.3687
Togo,TGO,2022,7304.213
Togo,TGO,2023,7664.752
Togo,TGO,2024,3966.0645
Trinidad and Tobago,TTO,2012,707
Trinidad and Tobago,TTO,2013,1716.5
Trinidad and Tobago,TTO,2014,3068
Trinidad and Tobago,TTO,2015,1373
Trinidad and Tobago,TTO,2016,3851.3333
Trinidad and Tobago,TTO,2017,1884.6666
Trinidad and Tobago,TTO,2018,1406
Trinidad and Tobago,TTO,2019,2177.1667
Trinidad and Tobago,TTO,2020,3410.7524
Trinidad and Tobago,TTO,2021,156
Trinidad and Tobago,TTO,2022,804
Trinidad and Tobago,TTO,2023,2385.25
Trinidad and Tobago,TTO,2024,3298.5
Tunisia,TUN,2012,3311.2893
Tunisia,TUN,2013,4883.7266
Tunisia,TUN,2014,5885.8413
Tunisia,TUN,2015,5325.778
Tunisia,TUN,2016,4328.8335
Tunisia,TUN,2017,5918.4834
Tunisia,TUN,2018,1969.9166
Tunisia,TUN,2019,5162.0444
Tunisia,TUN,2020,4945.5664
Tunisia,TUN,2021,9087.393
Tunisia,TUN,2022,6842.749
Tunisia,TUN,2023,3918.1667
Turkey,TUR,2012,10557.526
Turkey,TUR,2013,11249.154
Turkey,TUR,2014,9916.105
Turkey,TUR,2015,11100.647
Turkey,TUR,2016,12168.618
Turkey,TUR,2017,12726.19
Turkey,TUR,2018,9963.267
Turkey,TUR,2019,10999.917
Turkey,TUR,2020,10684.163
Turkey,TUR,2021,16513.506
Turkey,TUR,2022,9751.931
Turkey,TUR,2023,9287.811
Turkey,TUR,2024,1869.3309
Turkmenistan,TKM,2012,8455.29
Turkmenistan,TKM,2013,9819.41
Turkmenistan,TKM,2014,10327.454
Turkmenistan,TKM,2015,10154.403
Turkmenistan,TKM,2016,10144.361
Turkmenistan,TKM,2017,9061.76
Turkmenistan,TKM,2018,6927.745
Turkmenistan,TKM,2019,9930.883
Turkmenistan,TKM,2020,10820.894
Turkmenistan,TKM,2021,9516.44
Turkmenistan,TKM,2022,8269.319
Turkmenistan,TKM,2023,7042.37
Turkmenistan,TKM,2024,1730.75
Turks and Caicos Islands,TCA,2018,380
Turks and Caicos Islands,TCA,2020,239
Turks and Caicos Islands,TCA,2023,102
Uganda,UGA,2012,14580.855
Uganda,UGA,2013,14904.818
Uganda,UGA,2014,12560.664
Uganda,UGA,2015,14236.155
Uganda,UGA,2016,14128.368
Uganda,UGA,2017,11746.755
Uganda,UGA,2018,11408.66
Uganda,UGA,2019,13020.417
Uganda,UGA,2020,15727.064
Uganda,UGA,2021,14242.462
Uganda,UGA,2022,14392.115
Uganda,UGA,2023,13866.957
Uganda,UGA,2024,3772.0305
Ukraine,UKR,2012,8798.609
Ukraine,UKR,2013,8505.71
Ukraine,UKR,2014,9357.053
Ukraine,UKR,2015,10414.93
Ukraine,UKR,2016,7864.0605
Ukraine,UKR,2017,8629.981
Ukraine,UKR,2018,7040.792
Ukraine,UKR,2019,9495.791
Ukraine,UKR,2020,11350.565
Ukraine,UKR,2021,6810.3613
Ukraine,UKR,2022,11549.756
Ukraine,UKR,2023,9078.765
Ukraine,UKR,2024,2331.8152
United Arab Emirates,ARE,2012,146
United Arab Emirates,ARE,2014,116
United Arab Emirates,ARE,2015,1055
United Arab Emirates,ARE,2016,116
United Arab Emirates,ARE,2017,232
United Arab Emirates,ARE,2018,137
United Arab Emirates,ARE,2019,24
United Arab Emirates,ARE,2020,525
United Arab Emirates,ARE,2022,323
United Arab Emirates,ARE,2024,239
United Kingdom,GBR,2012,2187.6648
United Kingdom,GBR,2013,3254.913
United Kingdom,GBR,2014,2468.1
United Kingdom,GBR,2015,2698.5952
United Kingdom,GBR,2016,2869.3167
United Kingdom,GBR,2017,3155.6167
United Kingdom,GBR,2018,5050.5825
United Kingdom,GBR,2019,6473.4834
United Kingdom,GBR,2020,4040.6191
United Kingdom,GBR,2021,2544.1667
United Kingdom,GBR,2022,3338.649
United Kingdom,GBR,2023,3379.8928
United Kingdom,GBR,2024,436
United States,USA,2012,25085.47
United States,USA,2013,21280.838
United States,USA,2014,20247.932
United States,USA,2015,22620.338
United States,USA,2016,20680.814
United States,USA,2017,25698.312
United States,USA,2018,22928.43
United States,USA,2019,18631.168
United States,USA,2020,28543.594
United States,USA,2021,31826.875
United States,USA,2022,24553.629
United States,USA,2023,14462.414
United States,USA,2024,4382.2637
United States Minor Outlying Islands,UMI,2012,175
United States Virgin Islands,VIR,2018,186
Uruguay,URY,2012,10306.919
Uruguay,URY,2013,8159.7676
Uruguay,URY,2014,5734.7305
Uruguay,URY,2015,8953.965
Uruguay,URY,2016,7077.8545
Uruguay,URY,2017,7402.9536
Uruguay,URY,2018,7527.211
Uruguay,URY,2019,9784.409
Uruguay,URY,2020,15811.743
Uruguay,URY,2021,13016.032
Uruguay,URY,2022,10159.258
Uruguay,URY,2023,9993.317
Uruguay,URY,2024,608
Uzbekistan,UZB,2012,10977.891
Uzbekistan,UZB,2013,11562.606
Uzbekistan,UZB,2014,13046.794
Uzbekistan,UZB,2015,11832.394
Uzbekistan,UZB,2016,10853.772
Uzbekistan,UZB,2017,10464.981
Uzbekistan,UZB,2018,10210.533
Uzbekistan,UZB,2019,13114.72
Uzbekistan,UZB,2020,11621.481
Uzbekistan,UZB,2021,12970.196
Uzbekistan,UZB,2022,10859.918
Uzbekistan,UZB,2023,10543.888
Uzbekistan,UZB,2024,1909.0333
Vanuatu,VUT,2012,12536.75
Vanuatu,VUT,2013,14416.717
Vanuatu,VUT,2014,14780.65
Vanuatu,VUT,2015,16260.667
Vanuatu,VUT,2016,14915.75
Vanuatu,VUT,2017,14988.667
Vanuatu,VUT,2018,14313.816
Vanuatu,VUT,2019,10772
Vanuatu,VUT,2020,9675
Vanuatu,VUT,2021,7078.5
Vanuatu,VUT,2022,7316
Vanuatu,VUT,2023,10011
Vanuatu,VUT,2024,1295
Venezuela,VEN,2012,16905.768
Venezuela,VEN,2013,16878.28
Venezuela,VEN,2014,16773.45
Venezuela,VEN,2015,16406.914
Venezuela,VEN,2016,16182.068
Venezuela,VEN,2017,15592.951
Venezuela,VEN,2018,14736.784
Venezuela,VEN,2019,17292.55
Venezuela,VEN,2020,16977.033
Venezuela,VEN,2021,16123.577
Venezuela,VEN,2022,16916.182
Venezuela,VEN,2023,14814.087
Venezuela,VEN,2024,5989.7627
Vietnam,VNM,2012,13894.202
Vietnam,VNM,2013,13376.166
Vietnam,VNM,2014,13385.074
Vietnam,VNM,2015,14112.352
Vietnam,VNM,2016,13771.051
Vietnam,VNM,2017,12413.189
Vietnam,VNM,2018,11347.509
Vietnam,VNM,2019,13485.1875
Vietnam,VNM,2020,12237.564
Vietnam,VNM,2021,12391.386
Vietnam,VNM,2022,11372.158
Vietnam,VNM,2023,12443.571
Vietnam,VNM,2024,4129.799
Western Sahara,ESH,2018,145
Western Sahara,ESH,2020,262
World,OWID_WRL,2012,24539.775
World,OWID_WRL,2013,21532.252
World,OWID_WRL,2014,21942.484
World,OWID_WRL,2015,22354.27
World,OWID_WRL,2016,22054.008
World,OWID_WRL,2017,22492.734
World,OWID_WRL,2018,19843.621
World,OWID_WRL,2019,22791.201
World,OWID_WRL,2020,21873.39
World,OWID_WRL,2021,22201.045
World,OWID_WRL,2022,21376.883
World,OWID_WRL,2023,23344.598
World,OWID_WRL,2024,5889.602
Yemen,YEM,2012,798
Yemen,YEM,2013,974.5
Yemen,YEM,2014,1909
Yemen,YEM,2015,498
Yemen,YEM,2017,517
Yemen,YEM,2018,971
Yemen,YEM,2019,610.5
Yemen,YEM,2020,360
Yemen,YEM,2021,1606.5
Yemen,YEM,2022,1075.5
Yemen,YEM,2023,730
Zambia,ZMB,2012,14476.141
Zambia,ZMB,2013,15041.571
Zambia,ZMB,2014,15398.198
Zambia,ZMB,2015,15526.76
Zambia,ZMB,2016,16570.22
Zambia,ZMB,2017,13018.623
Zambia,ZMB,2018,12864.867
Zambia,ZMB,2019,17296.234
Zambia,ZMB,2020,14443.49
Zambia,ZMB,2021,13284.595
Zambia,ZMB,2022,14818.782
Zambia,ZMB,2023,14737.652
Zambia,ZMB,2024,4441.576
Zimbabwe,ZWE,2012,15786.823
Zimbabwe,ZWE,2013,15166.459
Zimbabwe,ZWE,2014,14317.303
Zimbabwe,ZWE,2015,17785.086
Zimbabwe,ZWE,2016,15343.982
Zimbabwe,ZWE,2017,15454.74
Zimbabwe,ZWE,2018,13591.169
Zimbabwe,ZWE,2019,17496.941
Zimbabwe,ZWE,2020,14609.121
Zimbabwe,ZWE,2021,14108.607
Zimbabwe,ZWE,2022,14514.583
Zimbabwe,ZWE,2023,14050.252
Zimbabwe,ZWE,2024,2355.4583